"Date","Time","Sky Condition (label)","Sky Condition","Precip Type (label)","Precip Type","Precip Rate (label)","Precip Rate","Grain Form (label)","Grain Form","Grain Size (mm)","HN24","H24W in Tube","H Tube Sample","H24W Can","Density p (kg/m3)","Density (%)","HST","HS","Settlement/Melt","Temp Surface","Temp 10cm","Temp 20cm","Temp Current","Temp Max","Temp Min","Wind Direction","Wind Speed (label)","Wind Speed","Observers Name","Comments","User ID","Timestamp","Last Updated","Created By","Updated By","Draft","IP","ID","Key"
"2019-01-13","05:35","Clear","CLR","No precipitation","NO","","","","","","0","","","0","","0.0","0","98","2","-19.0","-17.0","-15.0","-17.0","-10.5","-19.0","","","","CW","","","2019-01-13 06:24:47","2019-01-13 06:24:47","fongemie","","0","71.255.134.162","4169","2y7ap"
"2019-01-14","05:30","Clear","CLR","No precipitation","NO","","","","","","0","","","0","","0.0","0","98","0","-17.0","-16.5","-14.0","-15.5","-9.0","-17.0","","","","CW","","","2019-01-14 06:24:35","2019-01-14 06:24:35","fongemie","","0","72.45.182.26","4170","1m2kn"
"2018-12-22","06:30","Broken","BKN","Rain","RA","Light rain","RL","","","","0","","","58.2","","0.0","0","54","","0.5","0.0","0.0","3.5","8.0","1.5","","","","CW","","","2018-12-22 07:26:41","2018-12-22 07:26:41","fongemie","","0","72.45.182.26","4171","rs8kf"
"2018-12-23","06:30","Few","FEW","No precipitation","NO","","","","","","T","","","9.7","","0.0","T","51","3","-0.5","-5.5","-3.0","-11.5","4.5","-11.5","","","","CW","","","2018-12-23 07:26:05","2018-12-23 07:26:05","fongemie","","0","71.255.134.162","4172","qqf0v"
"2018-12-24","06:30","Few","FEW","No precipitation","NO","","","","","","0","","","0","","0.0","0","51","0","-10.5","-8.0","-5.0","-11.5","-4.5","-12.5","","","","CW","","","2018-12-24 07:17:45","2018-12-24 07:17:45","fongemie","","0","72.45.182.26","4173","m6xq0"
"2018-12-25","06:30","Clear","CLR","No precipitation","NO","","","","","","3","1.0","","0.7","","","3","55","","-11.0","-8.0","-5.5","-11.0","-5.5","-11.5","","","","CW","","","2018-12-25 07:21:19","2018-12-25 07:21:19","fongemie","","0","72.45.182.26","4174","2w18t"
"2018-12-29","06:30","Overcast","OVC","Snow","SN","Very light snowfall","S-1","Graupel","gp","2","T","","","19.3","","0.0","NC","55","3","1.0","0.5","0.0","0.5","6.0","-6.5","","","","CW","Snow thermometer looks like it needs to be calibrated.","","2018-12-29 07:19:52","2018-12-29 07:19:52","fongemie","","0","72.45.182.26","4175","f6j1q"
"2018-12-30","06:30","Overcast","OVC","No precipitation","NO","","","","","","1","","","1.5","","0.0","1","56","0","-8.0","-6.5","-8.0","-10.0","1.0","-15.0","","","","RP","","","2018-12-30 08:06:56","2018-12-30 08:06:56","fongemie","","0","71.255.134.162","4176","58q57"
"2018-12-31","06:30","Clear","CLR","No precipitation","NO","","","","","","T","","","","","0.0","T","55","1","-2.0","-5.0","-4.0","-6.0","-6.0","-11.0","","","","RP","","","2018-12-31 07:22:36","2018-12-31 07:22:36","fongemie","","0","72.45.182.26","4177","zyqwh"
"2019-01-01","06:30","Overcast","OVC","Mixed rain and snow","RS","Very light snowfall","S-1","","","","7","15.0","","11.6","","","NC","62","0","-2.0","-3.5","-3.5","-2.0","-1.0","-6.5","","","","CW","","","2019-01-01 07:28:54","2019-01-01 07:28:54","fongemie","","0","71.255.134.162","4178","zfvwo"
"2019-01-02","06:30","Clear","CLR","No precipitation","NO","","","","","","1","","","2.8","","0.0","2","62","1","-12.0","-10.5","-8.0","-11.5","2.5","-11.5","","","","CW","","","2019-01-02 07:27:57","2019-01-02 07:27:57","fongemie","","0","72.45.182.26","4179","psco5"
"2019-01-03","06:10","Obscured","X","Snow","SN","Light snowfall","S1","Stellars and dendrites","sd","1","9","4.0","","3.8","44","4","NC","71","0","-8.0","-9.0","-8.0","-7.5","-7.5","-13.0","","","","CW","Also observed 1 mm PL","","2019-01-03 08:07:08","2019-01-03 08:07:08","fongemie","","0","72.45.182.26","4180","prmym"
"2019-01-04","06:30","Scattered","SCT","No precipitation","NO","","","","","","3","2.0","","1.6","67","7","11","74","0","-6.0","-6.5","-6.5","-4.0","-3.0","-7.5","","","","CW","","","2019-01-04 07:23:51","2019-01-04 07:23:51","fongemie","","0","71.255.134.162","4181","t2nca"
"2019-01-06","06:30","Overcast","OVC","Snow","SN","Very light snowfall","S-1","Irregular crystals","ir","1","1","","","0.4","","0.0","NC","71","1","-5.0","-4.5","-4.0","-5.0","0.0","-5.0","","","","CW","","","2019-01-06 07:25:55","2019-01-06 07:25:55","fongemie","","0","71.255.134.162","4182","ixy5s"
"2019-01-07","06:30","Clear","CLR","No precipitation","NO","","","","","","2","2.0","","4.2","100","10","3","72","1","-15.0","-9.5","-6.0","-14.0","-4.5","-16.5","","","","CW","not sure if HN24W can is accurate due to possible error in melting it down","","2019-01-07 07:21:31","2019-01-07 07:21:31","fongemie","","0","72.45.182.26","4183","z5jqm"
"2019-01-08","06:30","Obscured","X","Snow","SN","Light snowfall","S1","Needles","nd","1","2","2.5","2.0","2.5","125","13","NC","74","","-8.5","-8.0","-7.5","-8.5","-3.5","-17.5","","","","CW","","","2019-01-08 07:36:42","2019-01-08 07:36:42","fongemie","","0","72.45.182.26","4184","7op8z"
"2019-01-09","06:26","Obscured","X","Snow","SN","Light snowfall","S1","Irregular crystals","ir","1-2","8","10.0","8.0","9.2","125","13","NC","80","0","-1.5","-2.5","-2.5","-1.0","2.0","-8.5","","Calm","C","CW","","","2019-01-09 08:46:00","2019-01-09 08:46:00","fongemie","","0","72.45.182.26","4185","kvzxm"
"2019-01-10","06:30","Obscured","X","Snow","SN","Light snowfall","S1","Ice pellets, Irregular crystals","ip, ir","1-2","21","22.0","21.0","25.2","105","11","NC","","","-9.0","-8.0","-6.5","-9.0","-1.0","-9.0","","","","CW","","","2019-01-10 08:41:50","2019-01-10 08:41:50","fongemie","","0","72.45.182.26","4186","yab5a"
"2019-01-12","05:30","Clear","CLR","No precipitation","NO","","","","","","0","","","1.6","","0.0","0","100","5","-19.0","-18.0","-15.0","-13.5","-11.0","-21.0","","","","CW","","","2019-01-12 06:37:30","2019-01-12 06:37:30","fongemie","","0","71.255.134.162","4187","zf8iw"
"2019-01-11","05:30","Clear","CLR","No precipitation","NO","","","","","","5","7.0","","6.0","140","14","37","105","","-13.0","-12.5","-10.5","-12.0","-8.5","-15.5","","","","CW","HST and HN24 boards wind affected","","2019-01-12 06:40:01","2019-01-12 06:40:01","fongemie","","0","71.255.134.162","4188","n8mrp"
"2019-01-15","05:30","Clear","CLR","No precipitation","NO","","","","","","0","","","0","","0.0","0","98","0","-13.0","-12.0","-11.0","-12.5","-6.5","-15.5","","","","CW","","","2019-01-15 06:23:32","2019-01-15 06:23:32","fongemie","","0","72.45.182.26","4189","oglq"
"2019-01-16","05:30","Few","FEW","No precipitation","NO","","","","","","1","","","T","","0.0","1","97","2","-8.0","-9.0","-9.0","-7.5","-5.5","-13.0","","","","CW","","","2019-01-16 06:24:41","2019-01-16 06:24:41","fongemie","","0","72.45.182.26","4190","6tbfx"
"2019-01-17","05:35","Clear","CLR","No precipitation","NO","","","","","","2","","","1.0","","0.0","2","95","4","-17.0","-13.0","-10.0","-16.0","-6.5","-18.0","","","","CW","","","2019-01-17 06:24:52","2019-01-17 06:24:52","fongemie","","0","72.45.182.26","4191","t4qk4"
"2019-01-18","05:30","Scattered","SCT","Snow","SN","Very light snowfall","S-1","Stellars and dendrites","sd","2-4","T","","","T","","0.0","NC","95","0","-12.5","-12.5","-11.0","-11.5","-9.5","-19.0","","","","CW","","","2019-01-18 06:23:31","2019-01-18 06:23:31","fongemie","","0","72.45.182.26","4192","d34km"
"2019-01-19","05:35","Clear","CLR","No precipitation","NO","","","","","","3","1.5","","1.4","60","6","3","96","2","-15.5","-10.0","-8.5","-16.0","-6.0","-16.0","","","","CW","","","2019-01-19 06:26:02","2019-01-19 06:26:02","fongemie","","0","71.255.134.162","4193","xp6o9"
"2019-01-20","05:35","Obscured","X","Snow","SN","Light snowfall","S1","Stellars and dendrites","sd","1-2","16","16.5","","16.0","106","11","NC","107","5","-12.5","-13.0","-12.0","-13.0","-11.5","-16.5","","","","CW","Also observed 1 mm ND","","2019-01-20 06:29:20","2019-01-20 06:29:20","fongemie","","0","72.45.182.26","4194","c1m5i"
"2019-01-21","05:35","Overcast","OVC","Snow","SN","Very light snowfall","S-1","Irregular crystals","ir","1","18","30.5","","28.8","169","17","NC","121","3","-19.0","-14.5","-12.0","-19.0","-4.5","-20.5","","","","CW","","","2019-01-21 06:32:15","2019-01-21 06:32:15","fongemie","","0","72.45.182.26","4195","7th3q"
"2019-01-23","05:35","Overcast","OVC","Snow","SN","Light snowfall","S1","Irregular crystals","ir","1","0","","","0.4","","0.0","0","132","","-7.0","-12.5","-13.5","-5.5","-5.0","-16.5","","","","CW","","","2019-01-23 06:27:02","2019-01-23 06:27:02","fongemie","","0","71.255.134.162","4196","9pq7z"
"2019-01-22","05:35","Few","FEW","No precipitation","NO","","","","","","0","","","4.8","","0.0","30","132","","-18.5","-20.5","-19.0","-17.0","-17.0","-24.0","","","","CW","","","2019-01-23 06:29:38","2019-01-23 06:29:38","fongemie","","0","71.255.134.162","4197","92cd8"
"2019-01-24","05:30","Overcast","OVC","Rain","RA","Light snowfall","S1","","","","0","","","2.4","","0.0","nc","130","2","0.0","-0.5","-0.5","2.5","3.5","-5.5","","","","CW","","","2019-01-24 07:41:43","2019-01-24 07:41:43","fongemie","","0","72.45.182.26","4198","s0ahi"
"2019-01-25","05:35","Few","FEW","No precipitation","NO","","","","","","0","","","44.0","","0.0","0","118","12","-9.0","-2.0","-0.5","-9.0","5.0","-9.0","","","","CW","","","2019-01-25 06:37:37","2019-01-25 06:37:37","fongemie","","0","72.45.182.26","4199","am1ca"
"2019-01-26","05:35","Clear","CLR","No precipitation","NO","","","","","","2","1.0","","0.8","50","5","2","118","2","-15.0","-10.0","-5.0","-15.0","-7.0","-15.0","","","","CW","","","2019-01-26 06:20:51","2019-01-26 06:20:51","fongemie","","0","72.45.182.26","4200","i4et2"
"2019-01-27","05:40","Broken","BKN","Snow","SN","Very light snowfall","S-1","Stellars and dendrites","sd","1-2","T","","","T","","0.0","NC","118","0","-12.5","-9.5","-6.5","-12.0","-11.5","-16.0","","","","CW","","","2019-01-27 06:23:45","2019-01-27 06:23:45","fongemie","","0","72.45.182.26","4201","ff9yl"
"2019-01-28","05:35","Clear","CLR","No precipitation","NO","","","","","","12","7.0","","6.0","58","6","13","130","0","-15.0","-10.0","-7.5","-15.0","-5.0","-15.0","","","","CW","","","2019-01-28 06:28:44","2019-01-28 06:28:44","fongemie","","0","71.255.134.162","4202","wshvu"
"2019-01-29","05:35","Few","FEW","No precipitation","NO","","","","","","0","","","T","","0.0","0","128","2","-17.0","-14.0","-10.0","-16.5","-10.0","-17.0","","","","CW","","","2019-01-29 06:22:31","2019-01-29 06:22:31","fongemie","","0","72.45.182.26","4203","m1t59"
"2019-01-30","05:35","Overcast","OVC","Snow","SN","Very light snowfall","S-1","Stellars and dendrites","sd","0.5-1","24","23.0","","18.8","98","10","NC","145","7","-6.0","-7.0","-7.0","-6.0","-6.0","-18.0","","","","CW","","","2019-01-30 06:33:47","2019-01-30 06:33:47","fongemie","","0","72.45.182.26","4204","vrwji"
"2019-01-31","05:35","Scattered","SCT","No precipitation","NO","","","","","","T","","","3.2","","0.0","23","145","0","-23.5","-21.0","-18.0","-23.5","-5.5","-23.5","","","","CW","Snow on board was wind affected.","","2019-01-31 06:24:44","2019-01-31 06:24:44","fongemie","","0","71.255.134.162","4205","va8k9"
"2019-02-01","05:35","Broken","BKN","No precipitation","NO","","","","","","0","","","0.4","","0.0","0","145","0","-21.5","-20.0","-18.0","-21.5","-19.5","-23.5","","","","CW","","","2019-02-01 06:24:58","2019-02-01 06:24:58","fongemie","","0","71.255.134.162","4206","x9o2m"
"2019-02-02","05:30","Clear","CLR","No precipitation","NO","","","","","","0","","","","","0.0","0","142","3","-18.0","-18.0","-14.0","-16.5","-14.5","-21.5","","","","CW","","","2019-02-02 06:21:29","2019-02-02 06:21:29","fongemie","","0","72.45.182.26","4207","y5zig"
"2019-02-03","05:35","Clear","CLR","No precipitation","NO","","","","","","0","","","0.4","","0.0","0","144","","-11.0","-11.5","-10.0","-8.5","-7.5","-18.0","","","","CW","","","2019-02-03 06:25:08","2019-02-03 06:25:08","fongemie","","0","72.45.182.26","4208","tqx2x"
"2019-02-08","05:40","Overcast","OVC","Rain","RA","Very light snowfall","S-1","","","","0","","","2.4","","0.0","0","127","3","1.5","0.0","0.0","4.0","4.5","-4.5","","","","CW","","","2019-02-08 06:23:06","2019-02-08 06:23:06","fongemie","","0","71.255.134.162","4209","sszdw"
"2019-02-09","05:35","Overcast","OVC","No precipitation","NO","","","","","","0","","","1.0","","0.0","0","125","2","-15.0","-10.0","-3.5","-15.5","7.5","-16.0","","","","CW","","","2019-02-09 06:23:20","2019-02-09 06:23:20","fongemie","","0","72.45.182.26","4210","9o5ln"
"2019-02-10","05:30","Clear","CLR","No precipitation","NO","","","","","","0","","","0","","0.0","0","127","","-15.5","-14.5","-11.0","-15.0","-13.0","-17.0","","","","RP","","","2019-02-10 06:22:13","2019-02-10 06:22:13","fongemie","","0","72.45.182.26","4211","d31dm"
"2019-02-11","05:35","Clear","CLR","No precipitation","NO","","","","","","0","","","0","","0.0","0","125","","-13.0","-12.5","-10.0","-12.0","-10.5","-16.0","","","","CW","","","2019-02-11 06:21:18","2019-02-11 06:21:18","fongemie","","0","72.45.182.26","4212","6tnjn"
"2019-02-12","05:22","Clear","CLR","No precipitation","NO","","","","","","0","","","0","","0.0","0","125","","-14.5","-13.0","-10.0","-13.0","-8.0","-18.5","","","","CW","","","2019-02-12 06:24:33","2019-02-12 06:24:33","fongemie","","0","72.45.182.26","4213","7kpvz"
"2019-02-13","05:30","Overcast","OVC","Snow","SN","Light snowfall","S1","Needles","nd","2","22","37.0","","32.2","168","17","NC","146","1","-6.0","-8.0","-8.0","-6.0","-6.0","-13.0","","","","CW","","","2019-02-13 06:39:56","2019-02-13 07:19:38","fongemie","","0","72.45.182.26","4214","k4ise"
"2019-02-14","05:35","Overcast","OVC","Snow","SN","Light snowfall","S1","Irregular crystals","ir","1","7","6.0","","7.0","86","9","NC","154","","-11.5","-9.5","-8.0","-12.0","-4.0","-12.0","","","","CW","","","2019-02-14 06:24:04","2019-02-14 06:24:04","fongemie","","0","71.255.134.162","4215","ylrta"
"2019-02-15","05:22","Overcast","OVC","No precipitation","NO","","","","","","0","","","T","","0.0","30","156","","-5.0","-7.5","-7.5","-4.0","-2.5","-12.0","","","","CW","","","2019-02-15 06:21:52","2019-02-15 06:21:52","fongemie","","0","72.45.182.26","4216","388kb"
"2019-02-16","05:35","Scattered","SCT","Snow","SN","Very light snowfall","S-1","Irregular crystals","ir","0.5","11","11.5","","12.2","105","11","NC","165","2","-8.0","-7.5","-6.0","-7.5","0.5","-8.0","","","","CW","Hard to say if it was snowing or if snow was just being blown by wind.","","2019-02-16 06:24:35","2019-02-16 06:24:35","fongemie","","0","72.45.182.26","4217","f64g3"
"2019-02-17","05:35","Clear","CLR","No precipitation","NO","","","","","","T","","","T","","0.0","12","161","4","-14.5","-13.0","-10.0","-16.0","-3.0","-16.0","","","","RP","","","2019-02-17 06:25:55","2019-02-17 06:25:55","fongemie","","0","72.45.182.26","4218","dq5nu"
"2019-02-18","05:35","Overcast","OVC","Snow","SN","Very light snowfall","S-1","Stellars and dendrites","sd","2-3","T","","","T","","0.0","NC","160","1","-12.0","-10.0","-9.0","-11.5","-3.5","-16.0","","","","CW","","","2019-02-18 06:23:15","2019-02-18 06:23:15","fongemie","","0","72.45.182.26","4219","8mblb"
"2019-02-19","05:35","Few","FEW","","","","","","","","6","2.0","6.0","2.4","","3","7","169","","-14.0","-14.0","-13.0","-13.0","-6.0","-17.5","","","","CW","","","2019-02-19 06:45:47","2019-02-19 06:45:47","fongemie","","0","72.45.182.26","4220","oiby4"
"2019-02-04","05:35","Overcast","OVC","No precipitation","NO","","","","","","2","8.0","","9.6","","","2","141","5","0.0","0.0","-2.0","2.5","2.5","-10.5","","","","CW","Density 400 kg/m3","","2019-02-04 06:24:05","2019-02-04 06:24:05","fongemie","","0","72.45.182.26","4221","r7z7l"
"2019-02-20","05:35","Scattered","SCT","","","","","","","","0","","","T","","0.0","1","166","","-14.0","-13.5","-11.5","-13.5","-10.5","-16.5","","","","CW","","","2019-02-20 06:42:12","2019-02-20 06:42:12","fongemie","","0","72.45.182.26","4222","862o8"
"2019-02-05","05:35","Overcast","OVC","Rain","RA","Very light snowfall","S-1","","","","0","","","0.4","","0.0","","134","7","0.0","0.0","0.0","4.5","6.0","1.5","","","","CW","","","2019-02-05 06:32:22","2019-02-05 06:32:22","fongemie","","0","72.45.182.26","4223","gktv"
"2019-02-21","05:35","Overcast","OVC","Snow","SN","Light snowfall","S1","Graupel","gp","0.5-1","1","","","5.0","","0.0","NC","166","","-5.5","-7.5","-8.0","-5.0","-4.5","-16.5","","","","CW","","","2019-02-21 19:48:03","2019-02-21 19:48:03","fongemie","","0","71.255.134.162","4224","r57l6"
"2019-02-22","05:35","Scattered","SCT","No precipitation","NO","","","","","","8","12.0","","8.2","","","14","175","","-9.0","-7.5","-6.0","-9.0","-1.0","-9.0","","","","CW","","","2019-02-23 06:24:15","2019-02-23 06:36:57","fongemie","","0","72.45.182.26","4225","4paed"
"2019-02-23","05:35","Few","FEW","No precipitation","NO","","","","","","0","","","0","","0.0","0","171","4","-14.0","-10.0","-7.5","-12.5","0.0","-12.5","","","","CW","","","2019-02-23 06:36:25","2019-02-23 06:36:25","fongemie","","0","72.45.182.26","4226","b0th2"
"2019-02-06","05:40","Clear","CLR","No precipitation","NO","","","","","","0","","","2.8","","0.0","0","129","5","-8.5","-4.5","0.0","-8.0","6.5","-9.0","","","","CW","","","2019-02-06 06:26:56","2019-02-06 06:26:56","fongemie","","0","72.45.182.26","4227","oipo9"
"2019-02-07","05:40","Clear","CLR","No precipitation","NO","","","","","","2","","","16.8","","0.0","2","130","1","-3.5","-0.5","0.0","-3.5","1.0","-9.0","","","","CW","","","2019-02-07 11:39:55","2019-02-07 11:39:55","fongemie","","0","72.45.182.26","4228","50heq"
"2019-02-24","05:35","Overcast","OVC","Snow","SN","Very light snowfall","S-1","Needles","nd","2-3","T","","","0.4","","","NC","171","0","-6.5","-7.0","-7.5","-7.0","1.0","-12.5","","","","CW","also 0.5-1 mm SD","","2019-02-24 06:23:50","2019-02-24 06:23:50","fongemie","","0","72.45.182.26","4229","z5j6v"
"2019-02-25","05:35","Overcast","OVC","Snow","SN","Light snowfall","S1","Irregular crystals","ir","0.5","11","27.0","","26.8","246","25","NC","195","","-8.0","-5.0","-5.0","-8.0","0.0","-8.0","","","","CW","Also observed clumps of particles up to 5 mm and 2 mm GP","","2019-02-25 06:41:03","2019-02-25 06:41:03","fongemie","","0","72.45.182.26","4230","dxju4"
"2019-02-26","05:40","Overcast","OVC","Snow","SN","Very light snowfall","S-1","","","","26","43.0","","8.0","165","17","NC","210","11","-20.0","-17.5","-12.5","-19.5","-8.0","-19.5","","","","CW","","","2019-02-26 06:37:11","2019-02-26 06:37:11","fongemie","","0","72.45.182.26","4231","e5pkb"
"2019-02-27","05:40","Clear","CLR","No precipitation","NO","","","","","","8","20.0","","0.4","250","25","49","207","3","-20.0","-18.0","-13.0","-19.5","-14.0","-23.5","","","","CW","","","2019-02-27 06:28:38","2019-02-27 06:28:38","fongemie","","0","71.255.134.162","4232","r9442"
"2019-02-28","05:30","Overcast","OVC","Snow","SN","Very light snowfall","S-1","Stellars and dendrites","sd","0.5-1","1","","","0.4","","","NC","206","2","-16.5","-15.0","-13.5","-16.5","-13.0","-23.5","","","","CW","","","2019-02-28 06:20:56","2019-02-28 06:20:56","fongemie","","0","72.45.182.26","4233","8ourq"
"2019-03-01","05:35","Few","FEW","No precipitation","NO","","","","","","0","","","0","","","1","204","2","-15.0","-15.0","-13.0","-13.0","-4.0","-18.0","","","","CW","","","2019-03-01 06:23:49","2019-03-01 06:23:49","fongemie","","0","71.255.134.162","4234","5vqjj"
"2019-03-02","05:35","Overcast","OVC","No precipitation","NO","","","","","","0","","","0","","","0","200","4","-12.0","-12.0","-12.0","-11.0","1.0","-13.5","","","","CW","","","2019-03-02 06:23:47","2019-03-02 06:23:47","fongemie","","0","71.255.134.162","4235","mwwb5"
"2019-03-03","05:35","Overcast","OVC","Snow","SN","Very light snowfall","S-1","Stellars and dendrites","sd","2","2","0.5","","0.4","25","3","NC","200","2","-8.5","-8.5","-8.5","-8.0","-1.0","-11.5","","","","CW","","","2019-03-03 06:22:33","2019-03-03 06:22:33","fongemie","","0","72.45.182.26","4236","vkn5o"
"2019-03-04","05:35","Overcast","OVC","Snow","SN","Very light snowfall","S-1","Stellars and dendrites","sd","2","5","5.0","","4.0","100","10","NC","204","1","-7.0","-7.0","-7.5","-7.0","3.5","-9.0","","","","CW","","","2019-03-04 06:21:50","2019-03-04 06:21:50","fongemie","","0","71.255.134.162","4237","fy90f"
"2019-03-05","05:35","Scattered","SCT","No precipitation","NO","","","","","","6","4.0","","1.3","67","7","9","209","1","-18.0","-10.0","-8.0","-17.0","-0.5","-17.5","","","","CW","","","2019-03-05 06:21:16","2019-03-05 06:21:16","fongemie","","0","72.45.182.26","4238","aaov7"
"2019-03-06","05:35","Overcast","OVC","Snow","SN","Very light snowfall","S-1","","","","1","0.5","0.4","0.4","99","12","NC","203","","-17.5","-14.0","-12.0","-17.5","-6.5","-18.0","","","","CW","","","2019-03-06 06:35:35","2019-03-06 06:35:35","fongemie","","0","72.45.182.26","4239","fdq2w"
"2019-03-08","05:35","Clear","CLR","No precipitation","NO","","","","","","1","","","0","","0.0","1","198","3","-17.0","-16.0","-13.0","-14.5","-12.5","-18.5","","","","CW","Both boards were significantly wind effected.","","2019-03-08 06:26:36","2019-03-11 13:57:26","fongemie","","0","71.255.134.162","4240","bppya"
"2019-03-09","05:35","Clear","CLR","No precipitation","NO","","","","","","0","","","0","","","0","196","","-11.0","-11.0","-10.0","-8.5","0.0","-15.0","","","","CW","","","2019-03-09 06:28:37","2019-03-09 06:28:37","fongemie","","0","72.45.182.26","4241","bet8"
"2019-03-10","05:35","Overcast","OVC","No precipitation","NO","","","","","","0","","","0","","","0","192","4","-11.0","-10.5","-10.0","-10.5","3.0","-14.5","","","","CW","","","2019-03-10 06:23:28","2019-03-10 06:23:28","fongemie","","0","72.45.182.26","4242","rdg8i"
"2019-03-11","05:35","Overcast","OVC","Snow","SN","Very light snowfall","S-1","Irregular crystals","ir","0.5","12","18.0","","12.4","150","15","NC","201","3","-4.0","-4.5","-6.5","-3.5","-0.5","-11.0","","","","CW","Also 2mm ND","","2019-03-11 06:34:36","2019-03-11 06:34:36","fongemie","","0","71.255.134.162","4243","5h95u"
"2019-03-07","05:35","Overcast","OVC","No precipitation","NO","","","","","","1","","","T","","","2","200","4","-19.5","-15.0","-12.5","-19.5","-6.5","-20.0","","","","CW","","","2019-03-11 13:39:03","2019-03-11 13:39:03","fongemie","","0","71.255.134.162","4244","oaptr"
"2019-03-12","05:35","Overcast","OVC","Snow","SN","Light snowfall","S1","","","","20","25.0","","7.2","125","13","NC","214","6","-10.0","-7.0","-6.5","-10.5","-3.0","-10.5","","","","CW","Unable to catch any snow on crystal card due to wind.","","2019-03-12 06:56:33","2019-03-12 06:56:33","fongemie","","0","71.255.134.162","4245","i0zs8"
"2019-03-13","05:35","Clear","CLR","No precipitation","NO","","","","","","9","15.0","","0.4","167","17","35","218","5","-12.5","-9.5","-8.0","-12.0","-4.0","-12.5","","","","CW","","","2019-03-13 06:22:16","2019-03-13 06:22:16","fongemie","","0","72.45.182.26","4246","gaqq8"
"2019-03-14","05:35","Clear","CLR","No precipitation","NO","","","","","","1","","","0.5","","","1","216","3","-7.0","-5.5","-5.5","-6.0","5.0","-12.0","","","","CW","","","2019-03-14 06:25:36","2019-03-14 06:25:36","fongemie","","0","71.255.134.162","4247","jvvjo"
"2019-03-15","05:45","Overcast","OVC","No precipitation","NO","","","","","","0","","","0","","","0","206","10","0.0","0.0","0.0","5.5","11.0","-7.0","","","","CW","","","2019-03-15 06:22:51","2019-03-15 06:22:51","fongemie","","0","71.255.134.162","4248","eoxx8"
"2019-03-17","05:40","Overcast","OVC","Snow","SN","Very light snowfall","S-1","Irregular crystals","ir","0.5","7","6.0","","4.4","86","9","NC","200","4","-11.5","-4.0","-2.0","-12.0","-1.0","-12.5","","","","CW","0.5 mm IR might have been blowing snow.","","2019-03-17 06:29:09","2019-03-17 06:29:09","fongemie","","0","72.45.182.26","4249","dkx8z"
"2019-03-18","05:35","Few","FEW","No precipitation","NO","","","","","","2","","","T","","","6","198","4","-13.0","-7.5","-4.5","-12.5","-7.0","-13.5","","","","CW","HN24 and HST wind affected","","2019-03-18 06:22:29","2019-03-18 06:22:29","fongemie","","0","72.45.182.26","4250","hiip5"
"2019-03-19","05:35","Clear","CLR","No precipitation","NO","","","","","","1","","","0","","0.0","1","195","4","-13.0","-9.5","-7.0","-12.0","-4.5","-13.5","","","","CW","","","2019-03-19 06:20:23","2019-03-19 06:20:23","fongemie","","0","72.45.182.26","4251","xzym"
"2019-03-20","05:35","Clear","CLR","No precipitation","NO","","","","","","0","","","0","","0.0","0","194","1","-11.5","-10.5","-7.0","-9.0","0.5","-13.5","","","","CW","","","2019-03-20 06:23:33","2019-03-20 06:23:33","fongemie","","0","71.255.134.162","4252","ismto"
"2019-03-21","05:35","Overcast","OVC","No precipitation","NO","","","","","","0","","","0","","0.0","0","193","1","-3.0","-4.5","-5.5","-1.0","4.0","-10.5","","","","CW","","","2019-03-21 06:50:33","2019-03-21 06:50:33","fongemie","","0","72.45.182.26","4253","oz1u2"
"2019-03-22","05:35","Overcast","OVC","Snow","SN","Very light snowfall","S-1","Stellars and dendrites","sd","1","T","","","T","","0.0","NC","192","1","-2.5","-3.0","-3.0","-2.5","4.0","-3.5","","","","CW","","","2019-03-22 06:25:05","2019-03-22 06:25:05","fongemie","","0","72.45.182.26","4254","90dn0"
"2019-03-23","05:30","Overcast","OVC","Snow","SN","Moderate snowfall","S2","Needles","nd","1","32","40.0","","23.8","125","13","NC","225","","-4.5","-4.0","-4.0","-4.0","-1.0","-4.5","","","","CW","Also 1.0 mm CL, 1.5 mm GP, and IR
Precip. can might have measuring error.","","2019-03-23 06:38:03","2019-03-23 06:38:03","fongemie","","0","72.45.182.26","4255","hoi1d"
"2019-03-24","05:35","Clear","CLR","No precipitation","NO","","","","","","6","12.0","","1.8","218","22","36","230","1","-7.0","-6.0","-5.0","-6.0","-2.0","-9.0","","","","CW","HN24 heavily wind affected.","","2019-03-24 06:31:08","2019-03-24 06:31:08","fongemie","","0","72.45.182.26","4256","sai1t"
"2019-03-25","05:40","Overcast","OVC","Snow","SN","Very light snowfall","S-1","Irregular crystals","ir","0.5-1","3","2.0","","1.6","80","8","NC","228","5","-10.0","-5.5","-5.0","-10.0","4.5","-10.0","","","","CW","","","2019-03-25 06:25:47","2019-03-25 06:25:47","fongemie","","0","72.45.182.26","4257","b0d53"
"2019-03-26","06:27","Clear","CLR","No precipitation","NO","","","","","","0","","","0","","","0","225","3","-13.0","-10.0","-7.0","-11.5","-1.5","-11.5","","","","CW","","","2019-03-26 06:28:36","2019-03-26 06:28:36","fongemie","","0","72.45.182.26","4258","nwmrc"
"2019-03-27","05:35","Clear","CLR","No precipitation","NO","","","","","","0","","","0","","","0","222","3","-14.0","-10.0","-8.0","-12.5","-0.5","-12.5","","","","CW","","","2019-03-27 06:22:16","2019-03-27 06:22:16","fongemie","","0","72.45.182.26","4259","mce6f"
"2019-03-28","05:35","Few","FEW","No precipitation","NO","","","","","","0","","","0","","","0","220","2","-3.5","-6.0","-6.0","-1.0","8.5","-13.0","","","","CW","","","2019-03-28 06:20:19","2019-03-28 06:20:19","fongemie","","0","72.45.182.26","4260","svgcc"
"2019-03-29","05:35","Overcast","OVC","No precipitation","NO","","","","","","0","","","1.4","","","0","218","2","-1.0","0.0","-1.0","2.5","9.5","","","","","CW","Tmin probably not reset (read -13.0)","","2019-03-29 06:21:40","2019-03-29 06:21:40","fongemie","","0","71.255.134.162","4261","9dy2u"
"2019-03-30","05:30","Broken","BKN","No precipitation","NO","","","","","","0","","","1.2","","","0","214","4","0.0","-0.5","-1.0","1.0","5.0","-2.5","","","","CW","","","2019-03-30 06:19:59","2019-03-30 06:19:59","fongemie","","0","72.45.182.26","4262","noy00"
"2019-03-31","05:35","Overcast","OVC","No precipitation","NO","","","","","","0","","","0.0","","0.0","0","206","8","0.0","0.0","0.0","5.5","7.0","0.0","","","","CW","","","2019-03-31 06:22:18","2019-03-31 06:22:18","fongemie","","0","71.255.134.162","4263","b47jk"
"2019-04-01","05:35","Overcast","OVC","Snow","SN","Very light snowfall","S-1","Irregular crystals","ir","1","T","","","13.8","","","NC","200","6","-8.0","-3.0","0.0","-8.5","6.0","-8.5","","","","CW","","","2019-04-01 06:23:59","2019-04-01 06:23:59","fongemie","","0","71.255.134.162","4264","8p11s"
"2019-04-02","06:09","Clear","CLR","No precipitation","NO","","","","","","1","","","T","","0.0","1","200","0","-9.5","-6.0","-3.5","-7.5","-7.5","-9.0","","","","CW","","","2019-04-02 06:22:13","2019-04-02 06:22:13","fongemie","","0","72.45.182.26","4265","ly4bn"
"2019-04-03","05:35","Overcast","OVC","Snow","SN","Very light snowfall","S-1","Irregular crystals","ir","0.5","T","","","T","","0.0","NC","198","2","-3.5","-2.5","-2.0","-4.0","7.5","-7.5","","","","CW","","","2019-04-03 06:20:56","2019-04-03 06:20:56","fongemie","","0","72.45.182.26","4266","jphoe"
"2019-04-04","05:40","Broken","BKN","No precipitation","NO","","","","","","T","","","0.5","","0.0","T","198","0","-8.5","-5.5","-3.0","-8.5","7.5","-8.5","","","","CW","","","2019-04-04 06:28:33","2019-04-04 06:28:33","fongemie","","0","72.45.182.26","4267","ix7di"
"2019-03-16","05:35","Scattered","SCT","No precipitation","NO","","","","","","0","","","T","","","0","196","10","-1.0","0.0","0.0","-1.0","10.5","-1.5","","","","CW","","","2019-03-16 06:22:04","2019-03-16 06:22:04","fongemie","","0","72.45.182.26","4268","pyaqt"
"2019-04-05","05:35","Clear","CLR","No precipitation","NO","","","","","","0","","","0","","0.0","0","198","0","-11.0","-8.5","-7.0","-9.0","-3.5","-11.0","","","","CW","","","2019-04-05 06:49:40","2019-04-05 06:49:40","fongemie","","0","72.45.182.26","4269","gz7t5"
"2019-04-06","05:21","Overcast","OVC","Mixed rain and snow","RS","Very light snowfall","S-1","Graupel","gp","1-1.5","3","4.0","","4.0","160","16","NC","199","2","0.0","-1.0","-1.5","0.5","6.0","-11.0","","","","CW","Also 2 mm rST and 1 mm CL","","2019-04-06 06:22:28","2019-04-06 06:22:28","fongemie","","0","72.45.182.26","4270","coci0"
"2019-04-07","05:35","Scattered","SCT","No precipitation","NO","","","","","","0","","","T","","","T","196","3","0.0","0.0","0.0","1.0","2.5","-1.5","","","","CW","","","2019-04-07 06:20:06","2019-04-07 06:20:06","fongemie","","0","72.45.182.26","4271","jfzrn"
"2019-12-03","06:20","Overcast","OVC","Snow","SN","Very light snowfall","S-1","Irregular crystals","ir","1","2","","","1.6","","","NC","48","","-4.5","-4.0","-3.5","-4.0","-3.0","-7.0","","","","CW","","","2019-12-03 13:17:11","2019-12-03 13:17:11","fongemie","","0","72.45.182.30","4272","oq6q9"
"2019-12-04","06:20","Overcast","OVC","No precipitation","NO","","","","","","5","5.5","","4.0","","","7","50","","-6.0","-4.5","-4.0","-6.0","-2.0","-8.0","","","","CW","","","2019-12-04 07:21:31","2019-12-04 07:21:31","fongemie","","0","216.107.219.202","4273","nctjp"
"2019-12-05","06:25","Overcast","OVC","No precipitation","NO","","","","","","T","","","T","","","T","50","0","-5.0","-4.0","-3.0","-5.0","-2.0","-7.0","","","","CW","","","2019-12-05 07:25:29","2019-12-05 07:25:29","fongemie","","0","216.107.219.202","4274","ihzd"
"2019-12-06","06:20","Few","FEW","No precipitation","NO","","","","","","7","6.0","","4.8","","","7","55","2","-10.0","-7.5","-5.0","-9.0","-4.5","-11.5","","","","CW","","","2019-12-06 07:27:37","2019-12-06 07:27:37","fongemie","","0","72.45.182.30","4275","xle07"
"2019-12-07","06:25","Few","FEW","No precipitation","NO","","","","","","7","3.0","","2.6","","","7","60","2","-13.5","-10.5","-7.0","-13.0","-5.5","-13.0","","","","CW","","","2019-12-07 07:18:14","2019-12-07 07:18:47","fongemie","","0","72.45.182.30","4276","jzkyn"
"2019-12-08","06:25","Clear","CLR","No precipitation","NO","","","","","","2","","","0.6","","","2","58","4","-14.0","-9.0","-6.0","-12.0","-8.5","-13.5","","","","CW","","","2019-12-08 07:36:43","2019-12-08 07:36:43","fongemie","","0","216.107.219.202","4277","e7hmx"
"2019-12-09","06:20","Overcast","OVC","No precipitation","NO","","","","","","2","3.0","","2.8","","","2","56","4","0.0","-1.5","-2.0","0.0","1.0","-12.0","","","","CW","","","2019-12-09 07:22:44","2019-12-09 07:22:44","fongemie","","0","216.107.219.202","4278","bwgx7"
"2019-12-10","06:56","Overcast","OVC","No precipitation","NO","","","","","","0","0.0","0.0","21.8","","0.0","0","46","10","0.0","0.0","0.0","2.5","4.5","-0.5","","","","CW","","","2019-12-10 08:00:58","2019-12-10 08:01:27","fongemie","","0","216.107.219.202","4279","g73wl"
"2019-12-11","06:25","Overcast","OVC","No precipitation","NO","","","","","","1","","","11.6","","0.0","1","41","5","-8.5","-4.5","-1.0","-10.0","4.5","-10.0","","","","CW","","","2019-12-11 09:13:10","2019-12-11 09:13:10","fongemie","","0","216.107.219.202","4280","a933a"
"2019-12-12","06:30","Overcast","OVC","No precipitation","NO","","","","","","1","","","0.4","","0.0","1","42","","-12.5","-8.0","-6.0","-14.0","-8.0","-14.5","","","","CW","","","2019-12-12 07:21:30","2019-12-12 07:21:30","fongemie","","0","216.107.219.202","4281","vir7t"
"2019-12-13","06:25","Clear","CLR","No precipitation","NO","","","","","","0","0.0","0.0","0.0","","0.0","0","41","","-8.0","-7.0","-5.0","-6.0","-5.0","-14.0","","","","CW","","","2019-12-13 07:25:55","2019-12-13 07:25:55","fongemie","","0","216.107.219.202","4282","56vag"
"2019-12-14","06:25","Overcast","OVC","Rain","RA","Moderate Rain","RM","","","","T","","","23.8","","","NC","41","","0.0","0.0","0.0","2.0","2.0","-8.0","","","","CW","","","2019-12-14 14:29:32","2019-12-14 14:29:32","fongemie","","0","72.45.182.30","4283","wct1j"
"2019-12-15","06:25","Overcast","OVC","Snow","SN","Very light snowfall","S-1","Graupel","gp","1-2","T","","","36.4","","","NC","37","4","-2.5","-0.5","0.0","-3.0","7.0","-3.5","","","","CW","","","2019-12-15 08:37:11","2019-12-15 08:37:11","fongemie","","0","216.107.219.202","4284","m0gl5"
"2019-12-16","06:25","Few","FEW","No precipitation","NO","","","","","","4","4.0","","5.2","","","6","39","2","-15.0","-4.0","-2.0","-14.0","-2.5","-14.5","","","","CW","HN24 wind affected.","","2019-12-16 07:19:23","2019-12-16 07:19:23","fongemie","","0","72.45.182.30","4285","7ofmb"
"2019-12-17","06:25","Broken","BKN","No precipitation","NO","","","","","","0","","","0","","","0","39","0","-9.0","-4.0","-3.5","-9.5","-3.5","-14.5","","","","CW","","","2019-12-17 07:25:21","2019-12-17 07:25:21","fongemie","","0","216.107.219.202","4286","ku0xv"
"2019-12-18","06:25","Overcast","OVC","Snow","SN","Very light snowfall","S-1","Stellars and dendrites","sd","1-3","10","7.0","","6.8","","","NC","46","3","-8.0","-6.0","-4.0","-9.5","-6.0","-10.0","","","","CW","","","2019-12-18 07:41:07","2019-12-18 07:41:07","fongemie","","0","216.107.219.202","4287","2fpkj"
"2019-12-19","06:25","Broken","BKN","No precipitation","NO","","","","","","16","12.5","","9.2","","","23","59","3","-18.0","-13.5","-9.5","-17.5","-6.0","-19.0","","","","CW","","","2019-12-19 07:44:40","2019-12-19 07:44:40","fongemie","","0","216.107.219.202","4288","5wc6z"
"2019-12-31","06:25","Overcast","OVC","Snow","SN","Moderate snowfall","S2","Needles","nd","1.5-2.5","20","35.0","","33.4","","","NC","66","3","-4.0","-5.0","-4.5","-4.5","-4.0","-9.0","","","","CW","","","2020-01-01 07:23:09","2020-01-01 07:23:09","fongemie","","0","216.107.219.202","4289","64s0q"
"2020-01-01","06:30","Overcast","OVC","Snow","SN","Light snowfall","S1","Stellars and dendrites","sd","1-1.5","9","10.5","","9.2","","","NC","73","2","-6.0","-4.5","-3.5","-7.0","-0.5","-7.0","","","","CW","","","2020-01-01 07:49:14","2020-01-01 07:49:14","fongemie","","0","216.107.219.202","4290","lwnmy"
"2020-01-02","06:25","Broken","BKN","No precipitation","NO","","","","","","10","13.0","","9.2","","","38","78","5","-7.5","-5.5","-4.0","-7.5","-6.0","-8.0","","","","CW","","","2020-01-02 08:59:06","2020-01-02 08:59:06","fongemie","","0","72.45.182.30","4291","sna8t"
"2020-01-03","06:30","Overcast","OVC","No precipitation","NO","","","","","","T","","","T","","","T","76","2","-1.0","-2.0","-2.0","0.5","2.5","-8.0","","","","CW","","","2020-01-03 07:23:33","2020-01-03 07:23:33","fongemie","","0","216.107.219.202","4292","z521e"
"2020-01-04","06:25","Overcast","OVC","No precipitation","NO","","","","","","0","","","0","","","0","72","4","-1.5","-1.0","-1.0","-1.5","3.5","-2.0","","","","CW","","","2020-01-04 07:18:40","2020-01-04 07:18:40","fongemie","","0","216.107.219.202","4293","rov8t"
"2020-01-05","06:25","Overcast","OVC","Snow","SN","Very light snowfall","S-1","Irregular crystals","ir","0.5","4","4.0","","4.6","","","NC","76","0","-7.5","-3.0","-2.0","-8.0","0.0","-8.5","","","","CW","","","2020-01-05 07:22:59","2020-01-05 07:22:59","fongemie","","0","216.107.219.202","4294","oc4qs"
"2020-01-06","06:30","Scattered","SCT","No precipitation","NO","","","","","","1","","","0.4","","","5","76","1","-13.0","-8.0","-5.5","-12.0","-7.0","-15.0","","","","CW","","","2020-01-06 07:23:26","2020-01-06 07:23:26","fongemie","","0","216.107.219.202","4295","5eghh"
"2020-01-07","06:25","Overcast","OVC","Snow","SN","Very light snowfall","S-1","","","","6","4.0","5.5","2.8","","73","NC","80","","-9.5","-7.0","-6.5","-10.0","-6.0","-12.5","","","","CW","","","2020-01-07 07:44:18","2020-01-07 07:44:18","fongemie","","0","72.45.182.30","4296","mtuvl"
"2020-01-08","06:25","Overcast","OVC","Snow","SN","Very light snowfall","S-1","Irregular crystals","ir","1-1.5","3","","2.0","1.8","","","NC","82","","-8.5","-7.0","-5.5","-8.5","-5.0","-10.0","","","","CW","","","2020-01-08 07:21:58","2020-01-08 07:21:58","fongemie","","0","216.107.219.202","4297","1t2k8"
"2019-12-20","06:25","Clear","CLR","No precipitation","NO","","","","","","2","","","2.0","","","2","57","2","-10.0","-9.0","-7.0","-8.5","-8.0","-21.0","","","","CW","","","2019-12-20 07:23:40","2019-12-20 07:23:40","fongemie","","0","216.107.219.202","4298","gsykp"
"2019-12-21","06:30","Clear","CLR","No precipitation","NO","","","","","","0","","","0","","","0","55","2","-9.5","-8.5","-5.5","-10.5","-4.0","-13.5","","","","CW","","","2019-12-21 07:17:35","2019-12-21 07:17:35","fongemie","","0","216.107.219.202","4299","70vco"
"2019-12-22","06:25","Overcast","OVC","No precipitation","NO","","","","","","0","","","0","","0.0","0","51","4","-3.0","-4.0","-3.5","-1.0","-1.0","-11.0","","","","CW","","","2019-12-22 07:20:45","2019-12-22 07:20:45","fongemie","","0","216.107.219.202","4300","z2uly"
"2019-12-23","06:25","Clear","CLR","No precipitation","NO","","","","","","0","","","0","","","0","49","2","-1.0","-1.5","-1.5","2.0","3.0","-2.0","","","","CW","","","2019-12-23 07:18:13","2019-12-23 07:18:13","fongemie","","0","72.45.182.30","4301","1l53"
"2019-12-24","06:25","Clear","CLR","No precipitation","NO","","","","","","T","","","T","","0.0","T","47","2","-5.0","-3.0","-1.5","-2.5","6.5","-6.5","","","","CW","","","2019-12-24 07:30:54","2019-12-24 07:30:54","fongemie","","0","216.107.219.202","4302","974sm"
"2019-12-25","06:30","Few","FEW","No precipitation","NO","","","","","","0","0.0","0.0","0.0","","0.0","0","47","0","-8.5","-5.0","-3.0","-8.0","0.5","-8.5","","","","CW","","","2019-12-25 07:26:46","2019-12-25 07:26:46","fongemie","","0","216.107.219.202","4303","yuke7"
"2019-12-26","06:25","Clear","CLR","No precipitation","NO","","","","","","0","0.0","0.0","0.0","","0.0","0","47","0","-9.0","-5.0","-3.0","-8.0","-1.0","-8.5","","","","CW","","","2019-12-26 07:56:31","2019-12-26 07:56:31","fongemie","","0","72.45.182.30","4304","n0mjq"
"2019-12-27","06:30","Overcast","OVC","Rain","RA","Very light snowfall","S-1","","","","T","","","T","","0.0","NC","46","1","0.0","-0.5","-1.0","2.5","4.0","-8.5","","","","CW","","","2019-12-27 07:23:59","2019-12-27 07:23:59","fongemie","","0","216.107.219.202","4305","sh5c8"
"2019-12-28","06:25","Overcast","OVC","Snow","SN","Very light snowfall","S-1","Graupel","gp","1-1.5","T","","","4.4","","","NC","41","5","-2.0","0.0","0.0","-3.0","6.0","-4.0","","","","CW","","","2019-12-28 07:38:26","2019-12-28 07:38:26","fongemie","","0","216.107.219.202","4306","47o3b"
"2019-12-29","06:25","Clear","CLR","No precipitation","NO","","","","","","T","","","T","","","1","41","0","-8.0","-6.0","-1.5","-8.0","-2.0","-8.0","","","","CW","","","2019-12-29 07:28:03","2019-12-29 07:28:03","fongemie","","0","216.107.219.202","4307","nself"
"2019-12-30","06:25","Overcast","OVC","Snow","SN","Light snowfall","S1","Stellars and dendrites","sd","2-3","7","7.0","","7.6","","","NC","49","","-7.0","-4.0","-2.5","-8.0","-3.5","-9.0","","","","CW","","","2019-12-30 07:27:59","2019-12-30 07:27:59","fongemie","","0","216.107.219.202","4308","p2h3v"
"2020-01-09","06:25","Clear","CLR","No precipitation","NO","","","","","","10","6.0","9.5","","","63","14","86","","-13.5","-12.5","-10.0","-13.0","-5.0","-17.5","","","","CW","","","2020-01-09 07:39:55","2020-01-09 07:40:23","fongemie","","0","216.107.219.202","4309","y38iu"
"2020-01-10","06:25","Overcast","OVC","No precipitation","NO","","","","","","0","","","","","","0","82","4","-1.0","-5.0","-6.0","1.0","1.5","-14.5","","","","CW","","","2020-01-10 07:30:55","2020-01-10 07:30:55","fongemie","","0","216.107.219.202","4310","gdkt9"
"2020-01-11","05:30","Overcast","OVC","No precipitation","NO","","","","","","0","","","5.2","0","0.0","o","77","5","0.0","0.0","-1.5","4.0","6.0","-0.5","","","","CW","data input by FC","fcarus","2020-01-11 07:45:42","2020-01-11 07:45:42","fcarus","fcarus","0","71.161.64.227","4311","htgee"
"2020-01-12","05:25","Overcast","OVC","Rain","RA","Moderate Rain","RM","","","","0","","","13.8","","","0","60","17","0.5","0.0","0.0","6.0","8.5","3.0","","","","CW","","","2020-01-12 06:04:33","2020-01-12 06:04:33","fongemie","","0","216.107.219.202","4312","241pp"
"2020-01-13","05:25","Broken","BKN","No precipitation","NO","","","","","","T","","","23.4","","","T","57","3","-8.0","-5.0","-2.5","-9.5","7.5","-11.0","","","","CW","","","2020-01-14 06:11:48","2020-01-14 06:11:48","fongemie","","0","216.107.219.202","4313","rexfm"
"2020-01-14","05:25","Broken","BKN","Snow","SN","Very light snowfall","S-1","Graupel","gp","0.5","1","","","0.8","","","NC","57","0","-5.0","-4.0","-2.5","-5.0","1.0","-8.0","","","","CW","","","2020-01-14 06:13:27","2020-01-14 06:13:27","fongemie","","0","216.107.219.202","4314","wb0me"
"2020-01-15","05:25","Overcast","OVC","Snow","SN","Light snowfall","S1","Needles","nd","1-2","3","4.0","","3.4","","","NC","60","0","-3.5","-2.5","-2.0","-3.0","-1.5","-7.0","","","","CW","Also 0.5 mm GP","","2020-01-15 06:12:40","2020-01-15 06:12:40","fongemie","","0","216.107.219.202","4315","fpe7l"
"2020-01-16","05:25","Overcast","OVC","Snow","SN","Light snowfall","S1","Stellars and dendrites","sd","1-1.5","3","2.5","","3.4","","","NC","62","1","-5.0","-4.0","-3.0","-5.5","-2.0","-6.0","","","","CW","","","2020-01-16 06:11:31","2020-01-16 06:11:31","fongemie","","0","72.45.182.30","4316","kqzgm"
"2020-01-17","06:25","Clear","CLR","No precipitation","NO","","","","","","15","11.0","","10.4","","","19","79","","-18.0","-13.0","-9.5","-16.0","-3.0","-18.0","","","","CW","","","2020-01-17 06:32:45","2020-01-17 06:32:45","fongemie","","0","72.45.182.30","4317","s5q1e"
"2020-01-18","05:25","Overcast","OVC","No precipitation","NO","","","","","","0","","","0","","","0","75","4","-15.0","-14.0","-12.0","-16.0","-3.5","-19.5","","","","CW","","","2020-01-18 06:11:14","2020-01-18 06:11:14","fongemie","","0","72.45.182.30","4318","us7fw"
"2020-01-19","05:35","Overcast","OVC","Snow","SN","Moderate snowfall","S2","Stellars and dendrites","sd","2","13","12.0","","8.4","","","NC","86","2","-5.0","-7.0","-8.0","-5.0","-4.0","-16.5","","","","CW","","","2020-01-19 06:27:34","2020-01-19 06:27:34","fongemie","","0","216.107.219.202","4319","euat2"
"2020-01-20","05:30","Clear","CLR","No precipitation","NO","","","","","","2","2.5","","2.0","","","11","85","3","-13.0","-12.0","-9.0","-12.0","-4.0","-17.0","","","","CW","","","2020-01-20 06:07:25","2020-01-20 06:07:25","fongemie","","0","216.107.219.202","4320","26z0g"
"2020-01-21","05:30","Clear","CLR","No precipitation","NO","","","","","","0","","","0.0","","","0","84","1","-18.0","-14.0","-12.0","-18.0","-8.5","-19.0","","","","CW","","","2020-01-21 06:13:12","2020-01-21 06:13:12","fongemie","","0","216.107.219.202","4321","23fle"
"2020-01-22","05:35","Clear","CLR","No precipitation","NO","","","","","","T","","","0.0","","","T","81","3","-13.0","-10.0","-9.0","-12.0","-7.5","-18.0","","","","CW","","","2020-01-22 06:07:52","2020-01-22 06:07:52","fongemie","","0","216.107.219.202","4322","hjh5b"
"2020-01-23","05:30","Clear","CLR","No precipitation","NO","","","","","","0","","","0.0","","","0","79","2","-2.0","-5.0","-5.0","1.0","2.0","-13.0","","","","CW","","","2020-01-23 06:06:40","2020-01-23 06:06:40","fongemie","","0","216.107.219.202","4323","eice7"
"2020-01-24","05:30","Clear","CLR","No precipitation","NO","","","","","","0","","","0.0","","","0","78","1","-4.0","-4.0","-4.0","-3.0","5.0","-4.0","","","","CW","","","2020-01-24 06:08:19","2020-01-24 06:08:19","fongemie","","0","174.242.79.1","4324","znurd"
"2020-01-25","05:30","Clear","CLR","No precipitation","NO","","","","","","T","","","0","","","T","77","1","-6.0","-5.0","-4.0","-6.0","1.0","-6.5","","","","CW","","","2020-01-25 06:15:55","2020-01-25 06:15:55","fongemie","","0","216.107.219.202","4325","45oc1"
"2020-01-26","06:12","Overcast","OVC","Rain","RA","Very light rain","RV","","","","10","24.4","","25.2","","","NC","86","1","0.0","-2.0","-2.0","0.5","1.0","-6.5","","","","CW","unsure what to call precip type","","2020-01-27 06:09:54","2020-01-27 06:09:54","fongemie","","0","216.107.219.202","4326","zdu7z"
"2020-01-27","05:30","Overcast","OVC","Snow","SN","Light snowfall","S1","Stellars and dendrites","sd","1","2","2.6","","0.6","","","NC","87","1","-4.0","-3.0","-3.0","-4.0","1.0","-5.0","","","","CW","Also  IR 1-1.5 mm and PL 2-3 mm","","2020-01-27 06:12:02","2020-01-27 06:12:02","fongemie","","0","72.45.182.30","4327","q51xw"
"2020-01-28","05:30","Scattered","SCT","Snow","SN","Very light snowfall","S-1","Irregular crystals","ir","0.5","4","6.1","","5.2","","","NC","89","2","-7.0","-5.0","-4.0","-7.5","-1.5","-8.0","","","","CW","","","2020-01-28 06:10:10","2020-01-28 06:10:10","fongemie","","0","216.107.219.202","4328","7lx38"
"2020-01-31","05:30","Clear","CLR","No precipitation","NO","","","","","","0","","","0","","","0","87","0","-9.0","-8.0","-7.0","-7.5","-2.0","-14.0","","","","CW","","","2020-01-31 06:11:06","2020-01-31 06:11:06","fongemie","","0","216.107.219.202","4329","opbv4"
"2020-02-01","05:30","Broken","BKN","Snow","SN","Very light snowfall","S-1","Stellars and dendrites","sd","2","T","","","T","","","NC","86","1","-5.0","-5.0","-5.0","-5.0","0.0","-8.5","","","","CW","","","2020-02-01 06:06:30","2020-02-01 06:06:30","fongemie","","0","216.107.219.202","4330","o7ojp"
"2020-02-02","05:30","Broken","BKN","No precipitation","NO","","","","","","T","","","T","","","T","86","0","-7.0","-5.0","-4.0","-7.0","-1.0","-7.5","","","","CW","","","2020-02-02 06:04:59","2020-02-02 06:04:59","fongemie","","0","216.107.219.202","4331","jq2x5"
"2020-02-03","05:10","Broken","BKN","Snow","SN","Very light snowfall","S-1","Stellars and dendrites","sd","0.5","T","","","0.2","","","NC","87","","-6.0","-6.0","-5.0","-7.0","-4.5","-9.0","","","","CW","","","2020-02-03 06:04:40","2020-02-03 06:04:40","fongemie","","0","216.107.219.202","4332","yvs3d"
"2020-02-04","05:30","Clear","CLR","No precipitation","NO","","","","","","T","","","0.4","","","T","87","","-6.0","-6.0","-4.0","-5.5","-3.5","-8.5","","","","CW","*24h board and Storm board both heavily wind-affected","","2020-02-04 06:12:19","2020-02-04 06:12:19","fongemie","","0","216.107.219.202","4333","fc1iq"
"2020-02-05","05:30","Clear","CLR","No precipitation","NO","","","","","","T","","","0.2","","","T","87","","-8.0","-6.0","-4.0","-8.0","1.5","-8.0","","","","CW","24h board and Storm board = 1mm of ice","","2020-02-05 06:35:01","2020-02-05 06:35:01","fongemie","","0","216.107.219.202","4334","hy13g"
"2020-02-06","05:30","Overcast","OVC","Snow","SN","Light snowfall","S1","Ice pellets","ip","0.5-1.0","5","3.8","5.0","2.6","","8","NC","89","","-8.0","-8.0","-7.0","-9.0","-5.5","-13.0","","","","CW","","","2020-02-06 06:15:12","2020-02-06 06:15:12","fongemie","","0","216.107.219.202","4335","w13ox"
"2020-02-07","05:30","Overcast","OVC","Mixed rain and snow","RS","Light rain","RL","Irregular crystals","ir","0.5","3","6.2","3.0","5.2","","21","NC","92","","-2.0","-4.0","-4.0","-3.0","-1.0","-9.0","","","","CW","","","2020-02-07 06:04:54","2020-02-07 06:04:54","fongemie","","0","216.107.219.202","4336","wggjl"
"2020-02-08","05:30","Broken","BKN","Snow","SN","Very light snowfall","S-1","Irregular crystals","ir","0.5","11","16.6","","22.2","","","NC","100","3","-15.0","-11.0","-8.0","-15.0","-1.5","-16.5","","","","CW","0.5 cm of ice on the HN24 board that wasn't captured in the HN24W measurement","","2020-02-09 06:03:43","2020-02-09 06:03:43","fongemie","","0","216.107.219.202","4337","cidp7"
"2020-02-09","05:30","Clear","CLR","No precipitation","NO","","","","","","0","","","T","","","11","101","","-20.0","-15.0","-10.0","-19.0","-1.5","-20.0","","","","CW","","","2020-02-09 06:05:15","2020-02-09 06:05:15","fongemie","","0","216.107.219.202","4338","k2eh0"
"2020-02-10","05:30","Overcast","OVC","Snow","SN","Moderate snowfall","S2","Graupel","gp","1-2","6","3.8","","2.8","","","NC","106","1","-4.0","-6.0","-7.0","-4.5","-2.0","-19.5","","","","CW","","","2020-02-10 06:07:51","2020-02-10 06:07:51","fongemie","","0","72.45.182.30","4339","7chae"
"2020-02-11","05:30","Clear","CLR","No precipitation","NO","","","","","","8","11.5","","10.4","","","13","110","4","-8.0","-7.0","-7.0","-7.5","-1.0","-8.5","","","","CW","","","2020-02-11 06:17:37","2020-02-11 06:17:37","fongemie","","0","216.107.219.202","4340","3qhxa"
"2020-02-12","05:35","Overcast","OVC","Snow","SN","Light snowfall","S1","Stellars and dendrites","sd","2-3","4","2.6","","1.8","","","NC","114","0","-7.0","-6.0","-5.0","-8.5","0.5","8.5","","","","CW","Moved thermometers up about 2 feet yesterday.","","2020-02-12 06:09:31","2020-02-12 06:09:31","fongemie","","0","216.107.219.202","4341","1txec"
"2020-02-13","05:25","Overcast","OVC","Mixed rain and snow","RS","Very light snowfall","S-1","Needles","nd","1.5","1","","","1.2","","","NC","114","1","-5.0","-5.0","-5.0","-5.0","-2.0","-8.5","","","","CW","Observed freezing rain and some snow. More freezing rain than snow.","","2020-02-13 06:05:32","2020-02-13 06:05:32","fongemie","","0","216.107.219.202","4342","t6npz"
"2020-02-14","05:30","Clear","CLR","No precipitation","NO","","","","","","5","3.9","","1.4","","","8","116","3","-16.0","-9.0","-7.0","-16.0","-2.0","-16.5","","","","CW","","","2020-02-14 06:06:15","2020-02-14 06:06:15","fongemie","","0","216.107.219.202","4343","m9zhq"
"2020-02-15","05:30","Clear","CLR","No precipitation","NO","","","","","","T","","","T","","","T","115","1","-23.0","-17.0","-14.0","-22.5","-13.0","-23.5","","","","CW","","","2020-02-15 06:03:10","2020-02-15 06:03:10","fongemie","","0","216.107.219.202","4344","rbo8l"
"2020-02-16","05:35","Overcast","OVC","No precipitation","NO","","","","","","0","","","1.8","","","0","113","2","-7.0","-8.0","-8.0","-6.0","-2.5","-22.5","","","","CW","-OVC: thin overcast.","","2020-02-16 06:03:57","2020-02-16 06:03:57","fongemie","","0","216.107.219.202","4345","co0vs"
"2020-02-17","06:04","Overcast","OVC","Snow","SN","Light snowfall","S1","Stellars and dendrites","sd","1-2","T","","","T","","","NC","113","0","-7.0","-6.0","-6.0","-7.0","","","","","","CW","Forgot to reset thermometers.","","2020-02-17 06:05:52","2020-02-17 06:05:52","fongemie","","0","216.107.219.202","4346","86jx0"
"2020-01-29","05:30","Clear","CLR","No precipitation","NO","","","","","","T","","","T","","","6","89","0","-8.0","-9.0","-6.0","-6.0","-1.5","-12.5","","","","CW","","","2020-01-29 06:07:13","2020-01-29 06:07:13","fongemie","","0","216.107.219.202","4347","vty12"
"2020-01-30","05:30","Clear","CLR","No precipitation","NO","","","","","","0","","","0","","","0","87","2","-15.0","-11.0","-8.0","-13.5","-4.5","-15.5","","","","CW","","","2020-01-30 06:07:55","2020-01-30 06:07:55","fongemie","","0","216.107.219.202","4348","86gtg"
"2020-02-22","05:30","Clear","CLR","No precipitation","NO","","","","","","0","","","0","","","0","125","0","-10.0","-10.0","-10.0","-8.5","-4.0","-19.5","","","","CW","","","2020-02-22 06:02:28","2020-02-22 06:02:28","fongemie","","0","72.45.182.30","4352","yj5ig"
"2020-02-23","05:30","Clear","CLR","No precipitation","NO","","","","","","0","","","0","","","0","125","0","-8.0","-8.0","-7.0","-7.0","0.0","-9.0","","","","CW","","","2020-02-23 06:03:30","2020-02-23 06:03:30","fongemie","","0","72.45.182.30","4353","9qyej"
"2020-02-24","05:40","Clear","CLR","No precipitation","NO","","","","","","0","","","0","","","0","120","5","-4.0","-5.0","-5.0","-2.0","7.0","-7.5","","","","CW","","","2020-02-24 06:02:28","2020-02-24 06:02:28","fongemie","","0","216.107.219.202","4354","4epy1"
"2020-02-25","05:35","Overcast","OVC","No precipitation","NO","","","","","","0","","","0","","","0","119","1","-1.0","-2.0","-2.0","0.0","8.0","-3.0","","","","CW","","","2020-02-25 06:09:52","2020-02-25 06:09:52","fongemie","","0","72.45.182.30","4355","ciefm"
"2020-02-26","05:53","Overcast","OVC","Snow","SN","Light snowfall","S1","Stellars and dendrites","sd","1-2","1","","","0.8","","","NC","119","1","-1.0","-1.0","-1.0","0.0","5.0","-2.0","","","","CW","","","2020-02-26 06:07:04","2020-02-26 06:07:04","fongemie","","0","72.45.182.30","4356","m6i4g"
"2020-02-27","05:40","Overcast","OVC","Snow","SN","Moderate snowfall","S2","Needles","nd","1-1.5","2","2.6","","3.2","","","NC","121","0","-1.0","-1.0","-1.0","-1.0","1.5","-3.0","","","","CW","","","2020-02-27 07:18:41","2020-02-27 07:18:41","fongemie","","0","72.45.182.30","4357","o45sd"
"2020-02-28","05:35","Overcast","OVC","No precipitation","NO","","","","","","21","36.5","","26.2","","","28","155","","-11.0","-7.0","-4.0","-12.0","-0.5","-12.5","","","","CW","","","2020-02-29 06:04:05","2020-02-29 06:04:05","fongemie","","0","216.107.219.202","4358","mkgv9"
"2020-02-29","05:30","Broken","BKN","No precipitation","NO","","","","","","T","","","T","","","T","152","3","-12.0","-9.0","-7.0","-12.0","-8.5","-12.5","","","","CW","","","2020-02-29 06:05:25","2020-02-29 06:05:25","fongemie","","0","216.107.219.202","4359","e1yx3"
"2020-03-01","05:35","Scattered","SCT","No precipitation","NO","","","","","","1","","","0.5","","","1","151","2","-15.0","-12.0","-10.0","-15.5","-7.0","-16.0","","","","CW","","","2020-03-01 06:06:32","2020-03-01 06:06:32","fongemie","","0","216.107.219.202","4360","ucwwq"
"2020-03-02","05:30","Broken","BKN","No precipitation","NO","","","","","","T","","","T","","0.0","T","151","0","-10.0","-11.0","-10.0","-10.5","-4.5","-15.5","","","","CW","","","2020-03-02 06:06:42","2020-03-03 06:13:47","fongemie","","0","72.45.182.30","4361","l5lot"
"2020-03-03","05:40","Broken","BKN","No precipitation","NO","","","","","","0","","","0.2","","","0","144","7","0.0","-1.0","-2.0","1.5","2.5","-15.5","","","","CW","Yesterday's Temp Min was -15.5, not -13.5 as previously recorded. The log has been edited to reflect this change.","","2020-03-03 06:16:28","2020-03-03 06:16:28","fongemie","","0","216.107.219.202","4362","tbnum"
"2020-03-04","05:30","Overcast","OVC","Snow","SN","Very light snowfall","S-1","Graupel","gp","1-2","1","","","","","","NC","140","4","-1.0","0.0","0.0","-2.0","10.0","-2.0","","","","CW","","","2020-03-04 06:36:14","2020-03-04 06:36:14","fongemie","","0","216.107.219.202","4363","gpj26"
"2020-03-05","05:35","Broken","BKN","No precipitation","NO","","","","","","1","","","2.0","","","3","140","","-6.0","-3.0","-2.0","-6.5","-1.5","-2.0","","","","CW","**Precipitation gauge spilled during transport.","","2020-03-05 06:08:17","2020-03-05 06:08:17","fongemie","","0","216.107.219.202","4364","gvusc"
"2020-03-06","05:30","Few","FEW","No precipitation","NO","","","","","","0","","","","","","0","139","1","-5.0","-5.0","-3.0","-4.5","0.5","-8.0","","","","CW","","","2020-03-06 06:10:02","2020-03-06 06:10:02","fongemie","","0","72.45.182.30","4365","73ejh"
"2020-03-07","05:35","Clear","CLR","No precipitation","NO","","","","","","T","","","0.2","","","T","139","0","-12.0","-7.0","-5.0","-11.0","0.5","-12.0","","","","CW","","","2020-03-07 06:05:25","2020-03-07 06:05:25","fongemie","","0","72.45.182.30","4366","m8r06"
"2020-03-08","05:30","Clear","CLR","No precipitation","NO","","","","","","0","","","0","","","0","138","1","-7.0","-7.0","-6.0","-6.0","1.0","-12.5","","","","CW","","","2020-03-08 06:01:42","2020-03-08 06:01:42","fongemie","","0","216.107.219.202","4367","z3x3g"
"2020-03-09","05:35","Clear","CLR","No precipitation","NO","","","","","","0","","","0","","","0","136","2","0.0","-2.0","-2.0","2.5","5.0","-7.5","","","","CW","","","2020-03-09 06:04:17","2020-03-09 06:04:17","fongemie","","0","216.107.219.202","4368","cea9c"
"2020-02-18","05:30","Overcast","OVC","No precipitation","NO","","","","","","T","","","","","","T","113","","-12.0","-11.0","-10.0","-12.0","-5.0","-16.5","","","","CW","","","2020-02-18 06:06:37","2020-02-18 06:06:37","fongemie","","0","72.45.182.30","4349","3ne1i"
"2020-02-19","05:30","Overcast","OVC","Snow","SN","Very light snowfall","S-1","Irregular crystals","ir","0.5-1.0","16","18.8","16.0","","","12","NC","126","","-6.0","-6.0","-6.0","-6.5","-1.0","-13.0","","","","CW","","","2020-02-19 06:38:10","2020-02-19 06:38:10","fongemie","","0","72.45.182.30","4350","vduxb"
"2020-02-20","05:30","Few","FEW","Snow","SN","Very light snowfall","S-1","Irregular crystals","ir","0.5-1.0","T","","","1.2","","","NC","126","","-18.0","-14.0","-11.0","-18.0","-6.0","-18.0","","","","CW","","","2020-02-20 06:07:55","2020-02-20 06:07:55","fongemie","","0","216.107.219.202","4351","wv3o2"
"2020-03-18","05:35","Clear","CLR","No precipitation","NO","","","","","","T","","","2.4","","","T","129","","-6.0","-4.0","-4.0","-6.0","-0.5","-8.0","","","","CW","","","2020-03-18 06:06:12","2020-03-18 06:06:12","fongemie","","0","216.107.219.202","4369","7uffa"
"2020-03-19","05:35","Overcast","OVC","No precipitation","NO","","","","","","0","","","0.0","","","0","129","","-2.0","-2.0","-2.0","0.5","7.0","-7.0","","","","CW","","","2020-03-19 06:04:09","2020-03-19 06:04:09","fongemie","","0","216.107.219.202","4370","2f4vl"
"2020-03-20","05:35","Overcast","OVC","No precipitation","NO","","","","","","0","","","0.4","","","0","128","1","0.0","0.0","0.0","5.0","9.0","-3.0","","","","CW","","","2020-03-20 06:14:55","2020-03-20 06:14:55","fongemie","","0","216.107.219.202","4371","utru8"
"2020-03-21","05:35","Broken","BKN","Snow","SN","Very light snowfall","S-1","Irregular crystals","ir","0.5-1","T","","","0.6","","","NC","119","9","-6.0","0.0","0.0","-8.0","12.5","-8.5","","","","CW","","","2020-03-21 06:04:55","2020-03-21 06:04:55","fongemie","","0","216.107.219.202","4372","mr9by"
"2020-03-22","05:35","Clear","CLR","No precipitation","NO","","","","","","0","","","0","","","0","119","0","-15.0","-8.0","-3.0","-15.5","-1.0","-16.0","","","","CW","","","2020-03-22 06:07:56","2020-03-22 06:07:56","fongemie","","0","216.107.219.202","4373","axfbk"
"2020-04-01","05:35","Clear","CLR","No precipitation","NO","","","","","","0","","","0.0","","","0","138","","-8.0","-4.0","-2.0","-8.0","5.0","-8.5","","","","CW","Observations include today 4/1 and yesterday 3/31.","","2020-04-01 06:12:11","2020-04-01 06:12:11","fongemie","","0","72.45.182.30","4374","hly7f"
"2020-04-02","05:25","Overcast","OVC","Snow","SN","Very light snowfall","S-1","Needles","nd","1-2","T","","","T","","","NC","138","","0.0","-1.0","-1.0","0.0","0.5","-8.5","","","","CW","","","2020-04-02 06:07:56","2020-04-02 06:07:56","fongemie","","0","216.107.219.202","4375","jray3"
"2020-04-03","05:40","Overcast","OVC","Rain","RA","Light rain","RL","","","","1","4.2","1.0","23.0","","42.0","NC","138","","0.0","0,0","0.0","1.0","2.0","-0.5","","","","CW","","snowplotter","2020-04-03 06:07:45","2020-04-03 06:07:45","snowplotter","snowplotter","0","216.107.219.202","4376","nocvo"
"2020-04-04","05:35","Overcast","OVC","No precipitation","NO","","","","","","1","","","32.0","0.0","0.0","2","135","3","0.0","0.0","0.0","0.0","2.0","-0.5","","","","cw","","snowplotter","2020-04-04 06:14:59","2020-04-04 06:14:59","snowplotter","snowplotter","0","174.196.194.127","4377","tu8xn"
"2020-04-05","05:35","Scattered","SCT","","","","","","","","0","0.0","0.0","0.0","0.0","0.0","0","131","4","0.0","0.0","0.0","-1.0","6.5","-1.5","","","","cw","","snowplotter","2020-04-05 05:52:12","2020-04-05 05:52:12","snowplotter","snowplotter","0","174.196.197.132","4378","5uaup"
"2020-03-23","05:35","Scattered","SCT","No precipitation","NO","","","","","","0","0.0","","","0","0.0","0","119","0","-9.0","-8.0","-6.0","-8.5","0.5","-16.0","","","","cw","","fongemie","2020-04-05 12:01:23","2020-04-05 12:01:23","fongemie","fongemie","0","74.75.170.208","4379","5cj6j"
"2020-03-24","05:35","Broken","BKN","Snow","SN","Very light snowfall","S-1","Needles","nd","1-2","24","","","","0","0.0","NC","142","1","-5.0","-5.0","-5.0","-4.5","-4.0","-9.0","","","","cw","","fongemie","2020-04-05 12:04:13","2020-04-05 12:04:13","fongemie","fongemie","0","74.75.170.208","4380","a37qo"
"2020-03-10","05:35","Overcast","OVC","No precipitation","NO","","","","","","0","","","0","","","0","130","6","0.0","0.0","0.0","5.0","9.5","2.0","","","","CW","","","2020-03-10 06:04:51","2020-03-10 06:04:51","fongemie","","0","72.45.182.30","4381","2qafc"
"2020-03-11","05:25","Few","FEW","No precipitation","NO","","","","","","T","","","20.6","","","T","125","5","-5.0","0.0","0.0","-5.0","10.0","-5.0","","","","CW","","","2020-03-11 06:05:48","2020-03-11 06:05:48","fongemie","","0","216.107.219.202","4382","w7er"
"2020-03-12","05:30","Overcast","OVC","No precipitation","NO","","","","","","T","","","T","","","T","121","4","-6.0","-3.0","-1.0","-6.0","2.0","-8.0","","","","CW","","","2020-03-12 06:05:55","2020-03-12 06:05:55","fongemie","","0","216.107.219.202","4383","nhejm"
"2020-03-13","05:35","Overcast","OVC","Snow","SN","Light snowfall","S1","Needles","nd","1-3","2","3.0","","2.4","","","NC","122","1","-3.0","-2.0","-1.0","-3.0","0.5","-7.0","","","","CW","Also 1-2 mm ice pellets","","2020-03-13 06:06:00","2020-03-13 06:06:00","fongemie","","0","216.107.219.202","4384","nakkj"
"2020-03-14","05:35","Overcast","OVC","Snow","SN","Light snowfall","S1","Stellars and dendrites","sd","1-2","7","19.1","","30.8","","","NC","128","1","-5.0","-2.0","-1.0","-5.0","3.0","-5.5","","","","CW","","","2020-03-15 06:02:58","2020-03-15 06:02:58","fongemie","","0","216.107.219.202","4385","kfjk8"
"2020-03-15","05:35","Few","FEW","No precipitation","NO","","","","","","0","","","T","","","8","127","1","-8.0","-6.0","-4.0","-7.0","1.0","-8.0","","","","CW","","","2020-03-15 06:04:33","2020-03-15 06:04:33","fongemie","","0","72.45.182.30","4386","pwcf0"
"2020-03-16","05:35","Clear","CLR","No precipitation","NO","","","","","","0","","","0","","","0","126","1","-16.0","-11.0","-8.0","-16.0","-0.5","-16.0","","","","CW","","","2020-03-16 06:05:41","2020-03-16 06:05:41","fongemie","","0","72.45.182.30","4387","cmdp8"
"2020-03-17","05:35","Overcast","OVC","Snow","SN","Light snowfall","S1","Irregular crystals","ir","0.5-1","T","","","T","","","NC","127","","-7.0","-7.0","-6.0","-8.0","1.0","-17.0","","","","CW","","","2020-03-17 06:05:16","2020-03-17 06:05:16","fongemie","","0","216.107.219.202","4388","r8jr8"
"2020-03-25","05:35","Clear","CLR","","","","","","","","1","","","1.2","0","0.0","23","","","-10.0","-5.0","-4.0","-10.0","3.0","-10.0","","","","","","fongemie","2020-04-05 12:06:00","2020-04-05 12:06:00","fongemie","fongemie","0","74.75.170.208","4389","5ufzr"
"2020-04-05","12:06","","","","","","","","","","","","","","0","0.0","","","","","","","","","","","","","cw","","fongemie","2020-04-05 12:06:08","2020-04-05 12:06:08","fongemie","fongemie","0","74.75.170.208","4390","zc249"
"2020-03-26","05:35","Clear","CLR","No precipitation","NO","","","","","","0","0.0","","","0","0.0","0","136","4","-9.0","-5.0","-3.0","-9.0","6.0","-10.0","","","","cw","","fongemie","2020-04-05 12:07:55","2020-04-05 12:07:55","fongemie","fongemie","0","74.75.170.208","4391","r2sio"
"2020-03-27","12:07","Broken","BKN","No precipitation","NO","","","","","","T","","","","0","0.0","T","135","1","-1.0","0.0","0.0","-1.5","10.0","-9.0","","","","cw","Ice on the HN24/HST boards.","fongemie","2020-04-05 12:12:29","2020-04-05 12:12:29","fongemie","fongemie","0","74.75.170.208","4392","hioj7"
"2020-03-28","05:35","Clear","CLR","No precipitation","NO","","","","","","0","","","","0","0.0","0","134","1","-6.0","-2.0","0.0","-5.0","3.0","6.0","","","","cw","","fongemie","2020-04-05 12:14:25","2020-04-05 12:14:25","fongemie","fongemie","0","74.75.170.208","4393","3ajhp"
"2020-03-29","05:35","Overcast","OVC","No precipitation","NO","","","","","","0","","","","0","0.0","0","132","2","2.0","0.0","0.0","1.0","6.0","-5.0","","","","cw","","fongemie","2020-04-05 12:16:17","2020-04-05 12:16:17","fongemie","fongemie","0","74.75.170.208","4394","k6tzk"
"2020-04-06","05:35","Clear","CLR","","","","","","","","T","","","3.8","","0.0","1","129","2","-2.5","0.0","0.0","-3.0","10.5","-3.5","","","","cw","","snowplotter","2020-04-06 06:16:15","2020-04-06 06:16:15","snowplotter","snowplotter","0","174.242.76.73","4395","esvy8"
"2020-04-07","05:35","Clear","CLR","","","","","","","","0","0.0","0.0","0.0","0.0","0.0","0","128","1","-3.0","0.0","0.0","-2.0","6.5","-3.5","","","","cw","","snowplotter","2020-04-07 05:50:18","2020-04-07 05:50:18","snowplotter","snowplotter","0","174.242.73.25","4396","mdnpf"
"2020-04-08","05:35","Clear","CLR","","","","","","","","0","","","","0.0","0.0","0","128","0","-3.0","-1.0","0.0","-2.5","6.0","-3.0","","","","cw","","snowplotter","2020-04-08 05:50:13","2020-04-08 05:50:13","snowplotter","snowplotter","0","174.242.77.59","4397","ghe6h"
"2020-04-09","05:40","Overcast","OVC","","","","","","","","0","","","","0.0","0.0","0","128","0","-1.0","0.0","0.0","0.0","7.0","-3.5","","","","cw","","snowplotter","2020-04-09 05:53:18","2020-04-09 05:53:18","snowplotter","snowplotter","0","174.196.202.210","4398","9f8lt"
"2020-04-10","05:45","Overcast","OVC","Snow","SN","Heavy snowfall","S5","Plates, Stellars and dendrites","pl, sd","2-3","39","47.6","38.3","54.0","124","12","NC","170","0","-4.0","-4.0","-3.0","-4.5","3.5","-5.0","","","","cw","tube data calculated as average of 3 measurements of 2 snow columns each.
snow can buried 3 cm below snow surface!","snowplotter","2020-04-10 07:22:43","2020-04-10 07:22:43","snowplotter","snowplotter","0","174.196.207.154","4399","nfam4"
"2020-04-11","05:40","Overcast","OVC","Snow","SN","Light snowfall","S1","Stellars and dendrites","sd","1-2","14","21.9","14.0","11.0","","15","NC","179","5","-5.0","-4.0","-3.0","-6.0","-3.5","-6.0","","","","cw","","snowplotter","2020-04-11 06:41:33","2020-04-12 06:36:27","snowplotter","fongemie","0","174.196.199.149","4400","275u3"
"2020-04-12","05:40","Few","FEW","","","","","","","","0","","","0.6","0.0","0.0","43","177","2","-5.0","-4.0","-3.0","-4.0","-1.5","-7.0","","","","cw","","snowplotter","2020-04-12 06:19:58","2020-04-12 06:19:58","snowplotter","snowplotter","0","174.242.78.141","4401","2gqrg"
"2020-04-13","05:35","Overcast","OVC","Rain","RA","Light rain","RL","","","","0","","","T","0.0","0.0","0","170","7","1.0","0.0","0.0","4.5","7.0","-4.5","","","","cw","","snowplotter","2020-04-13 06:05:35","2020-04-13 06:05:35","snowplotter","snowplotter","0","174.196.207.59","4402","uw83m"
"2020-04-14","05:35","Few","FEW","","","","","","","","0","","","61.5","0.0","0.0","","155","15","-2.0","0.0","0.0","-2.5","8.0","-2.5","","","","cw","","snowplotter","2020-04-14 06:11:16","2020-04-14 06:11:16","snowplotter","snowplotter","0","174.196.206.208","4403","xr84j"
"2020-04-15","05:40","Overcast","OVC","","","","","","","","0","","","","0.0","0.0","0","151","4","-4.0","-1.0","0.0","-4.5","4.0","-4.5","","","","cw","","snowplotter","2020-04-15 05:52:10","2020-04-15 05:52:10","snowplotter","snowplotter","0","174.242.71.13","4404","lrodz"
"2020-04-16","05:35","Overcast","OVC","Snow","SN","Very light snowfall","S-1","Stellars and dendrites","sd","2-3","3","1.3","3.0","0.8","43","4","NC","154","0","-7.0","-3.0","-2.0","-7.5","4.0","-8.0","","","","cw","","snowplotter","2020-04-16 06:20:43","2020-04-16 06:20:43","snowplotter","snowplotter","0","174.196.206.14","4405","zvxiw"
"2020-04-17","05:50","Overcast","OVC","Snow","SN","Very light snowfall","S-1","Stellars and dendrites","sd","1","6","3.2","6.0","3.2","53","5","NC","159","1","-7.0","-4.0","-3.0","-8.0","0.0","-8.0","","","","cw","thin crust (~1 mm) on surface of HN24 board","snowplotter","2020-04-17 06:43:25","2020-04-17 06:43:25","snowplotter","snowplotter","0","174.242.75.151","4406","oec9z"
"2020-04-18","05:35","Overcast","OVC","Snow","SN","Very light snowfall","S-1","Plates","pl","1-1.5","2","0.5","2.0","0.6","25","3","NC","158","3","-5.0","-4.0","-3.0","-6.0","-1.5","-8.0","","","","cw","1 mm ice crystals on surface of HN24 board","snowplotter","2020-04-18 06:11:15","2020-04-18 06:11:15","snowplotter","snowplotter","0","174.196.204.142","4407","l46ib"
"2020-04-19","05:35","Clear","CLR","","","","","","","","1","0.3","1.0","0.4","30","3.0","7","158","1","-5.0","-3.0","-3.0","-3.0","0.0","-6.0","","","","cw","","snowplotter","2020-04-19 06:13:07","2020-04-19 06:13:07","snowplotter","snowplotter","0","174.242.78.212","4408","n584o"
"2020-12-16","05:30","Clear","CLR","No precipitation","NO","","","","","","","","","","","0.0","","21","","-10.0","-9.0","-7.0","-17.0","-15.0","-18.0","","","","Erik Samia","Due to training this is not a 24 hour measurement, so degrees may be varied. Tomorrow kicks off true 24 hour snow plot.","snowplotter","2020-12-16 06:30:39","2020-12-16 06:30:39","snowplotter","snowplotter","0","174.196.201.153","4409","pyt4n"
"2020-12-17","05:30","Overcast","OVC","Snow","SN","Light snowfall","S1","Needles","nd","1","2","3.0","2.0","2.8","","","NC","25","","-10.0","-9.0","-6.0","-11.0","-10.0","-18.5","","","","Erik Samia","","snowplotter","2020-12-17 06:21:55","2020-12-17 06:29:16","snowplotter","snowplotter","0","174.242.77.24","4410","q95z"
"2020-12-18","05:30","Clear","CLR","No precipitation","NO","","","","","","12","11.0","9.0","8.0","","","14","38","","-12.0","-6.0","-3.0","5.0","12.0","-7.5","","","","Erik Samia","","snowplotter","2020-12-18 06:17:09","2020-12-18 06:17:09","snowplotter","snowplotter","0","174.196.207.80","4411","kc67o"
"2020-12-19","05:30","Clear","CLR","No precipitation","NO","","","","","","0","0.0","","0.0","","0.0","0","37","","-10.0","-6.0","-3.0","-12.0","-8.0","-13.0","","","","Erik Samia","","snowplotter","2020-12-19 06:04:39","2020-12-19 06:04:39","snowplotter","snowplotter","0","174.196.194.176","4412","p1y6x"
"2020-12-20","05:30","Clear","CLR","No precipitation","NO","","","","","","0","0.0","0.0","","","0.0","0","37","","-5.0","-3.0","-3.0","-5.0","-4.0","-12.0","","","","Erik Samia","","snowplotter","2020-12-20 05:51:34","2020-12-20 05:51:34","snowplotter","snowplotter","0","174.196.192.13","4413","nehcg"
"2020-12-21","05:30","Clear","CLR","No precipitation","NO","","","Needles","nd","1","T","2.0","0.6","T","","8.0","T","35","","-4.0","-2.0","-1.0","-2.0","-1.0","-11.0","","","","Erik Samia","","snowplotter","2020-12-21 06:10:57","2020-12-21 06:21:08","snowplotter","snowplotter","0","174.196.206.44","4414","7ryh4"
"2020-12-22","05:30","Obscured","X","Snow","SN","Very light snowfall","S-1","Stellars and dendrites","sd","1","T","5.0","1.0","5.0","","","T","36","","-3.0","-1.0","-1.0","-4.0","-1.0","-5.0","","","","Erik Samia","","snowplotter","2020-12-22 06:00:29","2020-12-22 06:05:18","snowplotter","snowplotter","0","174.242.67.67","4415","s6dhy"
"2020-04-20","05:40","Few","FEW","","","","","","","","T","","","4.4","","0.0","T","150","8","-4.0","0.0","0.0","-5.0","11.0","-5.0","","","","cw","trace of precip on HN24 board included 2-3 mm graupel, freezing rain, snow","snowplotter","2020-04-20 06:21:03","2020-04-20 06:21:03","snowplotter","snowplotter","0","174.196.196.39","4416","zeack"
"2020-04-21","05:35","Clear","CLR","","","","","","","","0","","","","0.0","0.0","0","149","1","-3.0","-2.0","-1.0","-1.5","11.0","-6.0","","","","cw","","snowplotter","2020-04-21 05:44:07","2020-04-21 05:44:07","snowplotter","snowplotter","0","174.242.77.248","4417","rkwb8"
"2020-04-22","05:35","Overcast","OVC","Snow","SN","Light snowfall","S1","Stellars and dendrites, Graupel","sd, gp","2-3","14","12.0","14.0","17.0","86","9","NC","171","0","-9.0","-5.0","-1.0","-9.5","4.0","-9.5","","","","cw","rst 2-3 mm, gp 1-2 mm","snowplotter","2020-04-22 06:34:02","2020-04-22 06:34:02","snowplotter","snowplotter","0","174.196.204.226","4418","weg0v"
"2020-04-23","05:35","Clear","CLR","","","","","","","","13","13.8","13.0","4.0","106","11","35","180","4","-11.0","-6.0","-3.0","-10.5","-7.5","-10.5","","","","cw","snow depth varied with 5+ cm spread in measurements on HN24 and HST boards due to drifting","snowplotter","2020-04-23 06:19:35","2020-04-23 06:19:35","snowplotter","snowplotter","0","174.196.207.69","4419","ngzu1"
"2020-04-24","05:35","Overcast","OVC","","","","","","","","T","","","","0.0","0.0","T","175","5","-5.0","-3.0","-1.0","-5.0","0.0","-10.5","","","","cw","snow boards had about 0.5 cm ice and some snow. however, no ice crust revealed in determining snowpack temperatures. pencil hard surface snow over finger hardness.

overcast, but cloud layer seems thin","snowplotter","2020-04-24 06:02:45","2020-04-24 06:02:45","snowplotter","snowplotter","0","174.196.203.70","4420","ubqw6"
"2020-04-25","05:30","Overcast","OVC","","","","","","","","0","","","","0.0","0.0","0","166","9","-1.0","0.0","0.0","0.5","6.5","-5.0","","","","cw","","snowplotter","2020-04-25 05:48:02","2020-04-25 05:48:02","snowplotter","snowplotter","0","174.196.205.60","4421","ynqc4"
"2020-04-26","05:35","Overcast","OVC","","","","","","","","0","","","","0.0","0.0","0","160","6","0.0","0.0","0.0","1.0","12.0","-1.5","","","","cw","","snowplotter","2020-04-26 05:52:01","2020-04-26 05:52:01","snowplotter","snowplotter","0","174.242.66.47","4422","gabe2"
"2020-04-27","05:35","Overcast","OVC","Snow","SN","Light snowfall","S1","Needles, Irregular crystals","nd, ir","1-2","18","22.1","18.0","20.4","123","12","NC","179","0","-2.0","-1.0","0.0","-2.0","7.5","-2.5","","","","cw","","snowplotter","2020-04-27 06:33:50","2020-04-27 06:33:50","snowplotter","snowplotter","0","174.196.205.141","4423","w4s61"
"2020-04-28","05:35","Overcast","OVC","","","","","","","","16","22.5","16.0","17.6","141","14","32","190","5","-3.0","-2.0","-2.0","-4.0","-1.0","-4.5","","","","cw","","snowplotter","2020-04-28 06:27:13","2020-04-28 06:27:13","snowplotter","snowplotter","0","174.242.79.113","4424","6frz"
"2020-04-29","05:35","Clear","CLR","","","","","","","","0","","","T","0.0","0.0","0","185","5","-2.0","0.0","0.0","-3.0","5.5","-4.0","","","","cw","","snowplotter","2020-04-29 05:47:24","2020-04-29 05:47:24","snowplotter","snowplotter","0","97.33.65.248","4425","rd5cd"
"2020-04-30","05:35","Overcast","OVC","","","","","","","","0","","","","0.0","0.0","0","177","8","0.0","0.0","0.0","4.0","13.0","-4.0","","","","cw","","snowplotter","2020-04-30 05:44:53","2020-04-30 05:44:53","snowplotter","snowplotter","0","174.196.192.207","4426","a65pc"
"2020-12-23","05:30","Clear","CLR","No precipitation","NO","","","","","","6","7.5","5.5","6.0","","8","6","38","","-9.0","-5.0","-3.0","-11.0","-4.0","-12.0","","","","","","snowplotter","2020-12-23 11:03:56","2020-12-23 11:03:56","snowplotter","snowplotter","0","174.196.204.225","4792","vqbdj"
"2020-12-24","05:25","Few","FEW","No precipitation","NO","","","","","","0","","","","","0.0","0","38","","-3.0","-1.0","-1.0","-2.0","-1.0","-11.0","","","","","","snowplotter","2020-12-24 10:28:35","2020-12-24 10:28:35","snowplotter","snowplotter","0","174.242.65.175","4797","o5148"
"2020-12-26","05:30","Few","FEW","No precipitation","NO","","","","","","","","","12.4","","0.0","","15","","-3.0","0.0","","4.0","7.0","4.0","","","","","127.4 mm can test, wont let number go in","snowplotter","2020-12-26 10:43:17","2020-12-26 10:43:17","snowplotter","snowplotter","0","174.242.74.22","4803","a1f8s"
