"Date","Time","Sky Condition (label)","Sky Condition","Precip Type (label)","Precip Type","Precip Rate (label)","Precip Rate","Grain Form (label)","Grain Form","Grain Size (mm)","HN24","H24W in Tube (weight of tube sample)","H Tube Sample (height of snow in tube)","H24W Can","Density p (kg/m3)","Density (%)","HST","HS","Settlement/Melt","Temp Surface","Temp 10cm","Temp 20cm","Temp Current","Temp Max","Temp Min","Wind Direction","Wind Speed (label)","Wind Speed","Observers Name","Comments","User ID","Timestamp","Last Updated","Created By","Updated By","Entry Status","IP","ID","Key"
"2022-12-21","05:40","Clear","CLR","No precipitation","NO","","","","","","","","","","","","","45","","-10.0","-6.0","-4.0","6.3","21.0","4.3","E","Calm","C","Gerritt","","","2022-12-21 05:44:48","2022-12-21 05:44:48","","","0","216.107.219.202","22","hgs6g"
"2022-12-30","05:48","Clear","CLR","No precipitation","NO","","","","","","0","0.0","0.0","0.0","","","0","42","0","","","","2.0","6.0","-5.0","N","","","Anthony Brezzo","","","2022-12-30 05:51:47","2022-12-30 05:51:47","","","0","216.107.219.202","49","gpabe"
"2022-12-29","05:52","Overcast","OVC","No precipitation","NO","","","","","","1","","","","","","1","17","0","","","","0.0","0.0","-25.0","","","","Anthony Brezzo","Light and variable winds

Snow can was full and seems unattended? Did not measure density of new cm of snow","","2022-12-29 05:59:54","2022-12-29 05:59:54","","","0","216.107.219.202","46","v95s1"
"2022-12-28","05:30","Overcast","OVC","No precipitation","NO","","","","","","1","0.5","1.3","","38","4","2","43","","-11.0","-7.5","-5.5","-11.0","-11.0","-13.5","W","Light","L","Eli Hanschka","Surface snow grains: fragmented/irregular crystals w/ some original crystals of stellar dendrites, size: 1-3mm","","2022-12-28 05:56:58","2022-12-28 05:56:58","","","0","107.77.226.143","43","9dikw"
"2022-12-27","05:32","Overcast","OVC","Snow","SN","Very light snowfall","S-1","Stellars and dendrites, Irregular crystals","sd, ir","2-4","T","0.1","0.2","","50","5","NC","42","0","-11.0","-7.5","-4.0","-13.0","-13.0","-15.5","W","Moderate","M","Eli Hanschka","","","2022-12-27 05:53:24","2022-12-27 05:53:24","","","0","107.77.226.143","40","9snvx"
"2022-12-26","05:30","Overcast","OVC","Snow","SN","Very light snowfall","S-1","Needles, Stellars and dendrites","nd, sd","2-3","T","0.1","0.2","","50","5","NC","42","0","-13.5","-9.5","-6.0","-15.0","-14.5","-17.5","W","Moderate","M","Eli Hanschka","","","2022-12-26 05:53:04","2022-12-26 05:53:04","","","0","107.77.226.24","37","huof1"
"2022-12-25","05:20","Few","FEW","Snow","SN","Very light snowfall","S-1","Irregular crystals","ir","1","T","","","","","","NC","42","0","-15.0","-11.0","-5.0","-18.5","-15.0","-20.0","W","Moderate","M","Eli Hanschka","The trace amount of snow on HN24 was too little to get meaningful SWE/density numbers.","","2022-12-25 06:00:29","2022-12-25 06:00:29","","","0","107.77.225.183","35","vw4uc"
"2022-12-24","05:30","Broken","BKN","Snow","SN","Very light snowfall","S-1","Plates, Irregular crystals","pl, ir","1","3","3.7","3.0","","123","12","17","42","16","-15.5","-7.0","-2.0","-19.0","3.0","-20.0","W","Moderate","M","Eli Hanschka","","","2022-12-24 06:03:00","2022-12-24 06:03:00","","","0","107.77.225.183","32","t67cr"
"2022-12-23","05:27","Obscured","X","Snow","SN","Moderate snowfall","S2","Needles, Irregular crystals","nd, ir","2","20","29.5","19.6","","150","15","NC","58","0","-2.0","-3.0","-4.0","-3.5","-3.0","-14.5","S","Strong","S","Eli Hanschka","","","2022-12-23 06:00:55","2022-12-23 06:00:55","","","0","107.77.225.183","29","f84wp"
"2022-12-22","05:41","Clear","CLR","No precipitation","NO","","","","","","","","","","","","","43","","-9.0","-6.0","-4.0","13.8","22.8","5.9","","Calm","C","Gerritt","Too calm to get a wind direction. Also it was clear a few minutes ago but a blanket of cloud might be moving in","","2022-12-22 05:45:07","2022-12-22 05:45:07","","","0","216.107.219.202","26","dot1z"
"2022-12-11","05:45","Clear","CLR","No precipitation","NO","","","","","","0","","","0.0","","","NC","10","","-10.0","-5.0","","-12.0","","","SW","Calm","C","Eli Hanschka","Temp min/max will be collected tomorrow after resetting the thermometer for the first time today.","","2022-12-11 06:07:24","2022-12-11 06:07:24","","","0","216.107.219.202","3","o1s7s"
"2022-12-20","05:58","Clear","CLR","No precipitation","NO","","","","","","3","2.0","3.0","","","","","54","","-9.0","-5.0","-4.0","18.1","18.1","11.4","E","Moderate","M","Gerritt","","","2022-12-20 06:02:13","2022-12-20 06:02:13","","","0","216.107.219.202","20","6df00"
"2022-12-19","05:58","Obscured","X","Snow","SN","Very light snowfall","S-1","Irregular crystals","ir","1","4m","","0.4","","","","","50","","-10.0","-5.0","-4.0","12.7","17.2","12.0","NE","Strong","S","Gerritt","There was very little on the HN24 snowboard, I wasn’t sure if I should record it as trace but I figured more information is better than less, it was about 4mm of snow. I did try to weigh it but it was too light to make a difference.","","2022-12-19 05:58:23","2022-12-19 05:58:23","","","0","216.107.219.202","18","stooe"
"2022-12-18","05:30","Scattered","SCT","Snow","SN","Very light snowfall","S-1","Needles, Irregular crystals","nd, ir","1.5","9","11.0","9.2","","120","12","30","50","","-8.5","-6.5","-5.0","-9.0","-3.0","-9.5","NW","Moderate","M","Eli Hanschka","Precip. of very light snow was difficult to distinguish from blowing snow which was present.","","2022-12-18 06:02:55","2022-12-18 06:02:55","","","0","107.77.223.162","16","jxdpy"
"2022-12-17","06:04","Obscured","X","Snow","SN","Moderate snowfall","S2","Needles, Irregular crystals","nd, ir","1.5","41","18.0","17.0","","","","","55","","-5.0","-4.0","","-5.0","-4.0","-6.0","E","Calm","C","Gerritt","","","2022-12-17 06:08:56","2022-12-17 06:50:36","","jeff","0","216.107.219.202","13","ng2uh"
"2022-12-16","05:30","Overcast","OVC","Snow","SN","Very light snowfall","S-1","Graupel","gp","1.5","T","0.1","0.2","","50","5","NC","14","0","-4.5","-2.5","","-6.0","-3.0","-8.0","E","Light","L","Eli Hanschka","","","2022-12-16 05:59:42","2022-12-16 05:59:42","","","0","107.77.226.190","11","30qjx"
"2022-12-15","05:30","Overcast","OVC","Snow","SN","Very light snowfall","S-1","Needles","nd","1","T","0.1","0.2","","50","5","5","14","1","-4.8","-2.0","","-6.0","-5.5","-11.5","NE","Light","L","Eli Hanschka","Storm board mistakenly cleared yesterday, today’s HST figure includes 5cm on the board yesterday plus a trace this morning.","","2022-12-15 05:57:34","2022-12-15 05:57:34","","","0","107.77.223.114","9","248zq"
"2022-12-14","05:30","Broken","BKN","Snow","SN","Very light snowfall","S-1","Irregular crystals","ir","1","6","2.8","5.6","","50","5","5","15","0","-10.0","-6.5","","-12.5","-6.5","-18.0","N","Strong","S","Eli Hanschka","Observed light blowing snow. Snow surface grains: mixed forms with rounding and fragmentation w/ the occasional dendrite. I measured/cleared the storm board because I thought there was only blowing snow and the storm was over, but realized after that it was indeed still very lightly snowing.","","2022-12-14 06:05:29","2022-12-14 06:05:29","","","0","107.77.223.114","7","442t9"
"2022-12-13","05:30","Clear","CLR","No precipitation","NO","","","","","","0","","","","","","NC","12","0","-7.5","-4.5","","-7.5","-4.0","-13.5","NW","Moderate","M","Eli Hanschka","Surface snow grain type: decomposing and fragmented particles","","2022-12-13 06:02:32","2022-12-13 06:02:32","","","0","107.77.226.213","5","f212y"
"2022-12-12","05:30","Few","FEW","No precipitation","NO","","","Stellars and dendrites","sd","3","2","1.0","2.0","","50","5","2","12","0","-10.0","-6.0","","-10.0","-5.5","-14.0","NW","Calm","C","Eli","","","2022-12-12 06:05:35","2022-12-12 06:05:35","","","0","107.77.225.149","4","ysrhk"
"2023-01-10","05:40","Obscured","X","Snow","SN","Light snowfall","S1","Irregular crystals","ir","1-2","2","2.0","1.8","","110","10","NC","36","","-10.0","-3.5","-2.5","-11.5","-2.0","-11.5","NW","Strong","S","Eli Hanschka","","","2023-01-10 06:03:38","2023-01-10 06:03:38","","","0","107.77.223.37","82","t7sin"
"2023-01-20","05:40","Obscured","X","Snow","SN","Heavy snowfall","S5","Stellars and dendrites, Irregular crystals","sd, ir","2-4","12","14.0","12.0","","120","12","NC","57","","-5.5","-5.0","-3.5","-7.0","-1.0","-8.0","SE","Calm","C","Eli Hanschka","","","2023-01-20 06:06:42","2023-01-20 06:06:42","","","0","107.77.224.196","112","l56vf"
"2023-01-19","05:40","Clear","CLR","No precipitation","NO","","","","","","","0.5","0.6","","8","1","41","1","","-4.0","-2.5","-2.0","-4.0","5.0","-7.5","N","Light","L","Aubrey Schoff","","","2023-01-19 06:15:40","2023-01-19 06:15:40","","","0","107.115.17.144","109","jp13k"
"2023-01-18","05:41","Clear","CLR","","","","","","","","","","","","","","","40","","0.0","0.0","-0.5","1.0","5.0","-2.0","","Moderate","M","Aubrey Schoff","","","2023-01-18 05:48:17","2023-01-18 05:48:17","","","0","166.198.21.92","106","jp6t4"
"2023-01-16","05:36","Clear","CLR","No precipitation","NO","","","","","","","2.0","0.8","","25","3","1","40","","0.0","0.0","0.0","2.0","2.0","10.0","","Light","L","Aubrey Schoff","","","2023-01-17 06:07:21","2023-01-17 06:07:21","","","0","107.115.17.113","103","ag1vf"
"2023-01-16","05:41","Overcast","OVC","No precipitation","NO","","","","","1","0","1.5","0.2","","75","7","14","40","","-3.0","-3.0","-2.0","-2.0","-2.0","-9.0","","","","Aubrey","Storm board (HS) cleared in 1/16 rather than after storm on 1/15; 1/16 measurement includes new, dusted snowfall from 1/15 and 1/16.","","2023-01-16 06:32:47","2023-01-16 06:32:47","","","0","166.198.21.115","101","1mjkl"
"2023-01-15","05:40","Few","FEW","Snow","SN","Very light snowfall","S-1","Irregular crystals","ir","1","1","1.5","0.8","","1","2","","40","","-7.0","-6.0","-4.0","-2.5","2.0","-6.0","","","","Hermit Lakes","","","2023-01-15 06:46:03","2023-01-15 06:46:03","","","0","107.115.17.106","99","w3ss6"
"2023-01-13","05:40","Overcast","OVC","Rain","RA","Light rain","RL","","","","14","28.0","14.0","","200","20","NC","47","","0.0","-1.5","-1.5","0.0","0.0","-9.0","SW","Calm","C","Eli Hanschka","HN24 is likely lower than actual snowfall - I checked the plot yesterday evening after it had been snowing all afternoon and the HN24 was wind-scoured with no snow. Other spots around the snow plot show 20-25 cm of snow above the crust.","","2023-01-13 06:03:36","2023-01-13 06:03:36","","","0","107.77.226.56","90","iljir"
"2023-01-12","05:40","Broken","BKN","Snow","SN","Light snowfall","S1","Stellars and dendrites, Irregular crystals","sd, ir","2-3","0","","","","","","NC","35","0","-8.0","-4.5","-3.0","-9.0","-9.0","-17.0","SW","Moderate","M","Eli Hanschka","","","2023-01-12 05:59:19","2023-01-12 05:59:19","","","0","107.77.225.4","88","gfg6m"
"2023-01-11","05:45","Few","FEW","No precipitation","NO","","","","","","T","","","","","","2","35","1","-14.5","-6.0","-3.5","-17.0","-10.5","-17.0","NW","Calm","C","Eli Hanschka","","","2023-01-11 06:08:18","2023-01-11 06:08:18","","","0","107.77.224.140","85","nymcg"
"2022-12-31","05:30","Few","FEW","No precipitation","NO","","","","","","0","","","","","","0","35","7","0.0","-0.5","-1.0","8.0","9.5","0.0","W","Moderate","M","Eli Hanschka","","","2022-12-31 05:54:07","2022-12-31 05:54:07","","","0","107.77.226.175","53","87w7h"
"2023-01-09","05:30","Overcast","OVC","No precipitation","NO","","","","","","0","","","","","","NC","35","0","-5.0","-3.5","-2.5","-3.0","-3.0","-14.0","W","Light","L","Eli Hanschka","","","2023-01-09 05:47:13","2023-01-09 05:47:13","","","0","107.77.226.68","80","qr7ig"
"2023-01-08","05:30","Clear","CLR","No precipitation","NO","","","","","","2","3.5","2.2","","160","16","9","35","","-13.0","-4.0","-2.5","-13.5","-4.0","-13.5","NW","Calm","C","Eli Hanschka","Snow surface grain type: fragmented/decomposing, size: 2mm","","2023-01-08 05:55:26","2023-01-08 05:55:26","","","0","107.77.226.22","77","bfnnz"
"2023-01-07","05:30","Overcast","OVC","Snow","SN","Very light snowfall","S-1","Graupel, Irregular crystals","gp, ir","1-2","6","5.5","6.2","","89","9","NC","32","","-3.5","-1.5","-1.0","-5.0","-1.0","-5.0","NW","Light","L","Eli Hanschka","","","2023-01-07 05:58:34","2023-01-07 05:58:34","","","0","107.77.226.22","74","q8uwa"
"2023-01-06","05:30","Overcast","OVC","Snow","SN","Very light snowfall","S-1","Graupel","gp","1.5","T","","","","","","NC","25","0","-1.5","-1.5","-0.5","-2.0","-1.5","-4.5","SW","Calm","C","Eli Hanschka","Not enough snow to collect meaningful SWE/H24W measurements.","","2023-01-06 05:59:26","2023-01-06 05:59:26","","","0","107.77.225.199","71","16pio"
"2023-01-05","06:04","Obscured","X","Mixed rain and snow","RS","Very light snowfall","S-1","Irregular crystals","ir","3","1","2.0","1.0","10.0","167","16","1","25","","0.0","-1.0","-2.0","-5.0","1.0","-4.5","","Calm","C","","On 1/02/23 I recorded the HS at 51cm. I transposed the cm to inches and did the conversion. And read the stake wrong. The true height that day was 25 cm.","","2023-01-05 06:29:54","2023-01-05 06:29:54","","","0","209.107.182.28","68","o2q0z"
"2023-01-04","05:53","Overcast","OVC","Rain","RA","Very light rain","RV","","","","","","","3.0","","","","","1","-2.0","-2.0","-2.0","1.0","5.0","-5.0","","Calm","C","Ashley Fife","","","2023-01-04 05:37:32","2023-01-04 05:37:32","","","0","209.107.190.68","64","c1gwi"
"2023-01-03","05:42","Clear","CLR","Snow","SN","","","Irregular crystals","ir","2","0","1/2","","0","0","0","0","25","0","-5.0","-4.0","-3.0","-4.0","3.0","-8.0","NW","Calm","C","Ashley Fife","I was mistaken on the HS yesterday. It was 25 yesterday and 25 today.","","2023-01-03 05:53:36","2023-01-03 05:53:36","","","0","209.107.190.55","61","2xk0v"
"2023-01-02","08:25","Overcast","OVC","Snow","SN","Very light snowfall","S-1","Plates, Stellars and dendrites","pl, sd","1","1","2.0","1.2","2.0","4","39","2","51","0","-3.0","-3.0","-3.0","22.5","5.0","-6.0","NE","Strong","S","Ashley","","","2023-01-02 11:35:34","2023-01-02 11:35:34","","","0","209.107.190.47","60","ryu3d"
"2023-01-01","05:30","Overcast","OVC","Rain","RA","Light rain","RL","","","","0","","","","","","NC","25","10","0.0","-1.0","-1.0","3.5","9.0","0.0","W","Strong","S","Eli Hanschka","","","2023-01-01 05:46:32","2023-01-01 05:46:32","","","0","107.77.224.202","55","8gqpn"
"2023-01-31","05:40","Overcast","OVC","Snow","SN","Light snowfall","S1","Stellars and dendrites","sd","2","3","3.5","3.0","","12","1","3c","98","","-8.0","-6.0","-5.0","-13.0","0.0","-13.0","NW","Moderate","M","Aubrey Schoff","","","2023-01-31 06:10:38","2023-01-31 06:10:38","","","0","166.198.21.137","146","rfqoo"
"2023-02-09","05:39","Clear","CLR","No precipitation","NO","","","","","","T","","","","","","3","86","0","-5.5","-5.0","-4.5","-4.0","-4.0","-6.0","NW","Light","L","Eli Hanschka","","","2023-02-09 05:55:46","2023-02-09 05:55:46","","","0","107.77.226.203","169","3dne0"
"2023-02-08","05:41","Broken","BKN","Snow","SN","Very light snowfall","S-1","Graupel, Irregular crystals","gp, ir","1-2","4","6.0","4.2","","140","14","NC","86","","-4.0","-3.5","-3.5","-5.0","0.0","-9.0","NW","Strong","S","Eli Hanschka","A layer of graupel was observed on the snow surface.","","2023-02-08 06:06:14","2023-02-08 06:06:14","","","0","107.77.226.187","166","ll7at"
"2023-02-07","03:30","Clear","CLR","No precipitation","NO","","","","","","0","","","","","","0","84","1","-9.0","-6.5","-5.5","-10.5","-1.5","-12.5","NE","Calm","C","Eli Hanschka","","","2023-02-07 03:38:16","2023-02-07 03:38:16","","","0","107.77.223.197","164","uoj96"
"2023-02-06","05:40","Scattered","SCT","Snow","SN","Very light snowfall","S-1","Stellars and dendrites, Irregular crystals","sd, ir","1-2","T","","","","","","NC","85","0","-2.5","-4.0","-4.0","-3.5","-1.0","-10.0","W","Moderate","M","Eli Hanschka","","","2023-02-06 05:56:21","2023-02-06 05:56:21","","","0","107.77.223.144","162","gkub1"
"2023-02-05","05:40","Obscured","X","Snow","SN","Light snowfall","S1","Irregular crystals","ir","1","T","","","","","","4","85","1","-7.5","-11.5","-10.5","-9.0","-9.0","-37.5","W","Moderate","M","Eli Hanschka","Snow grains were rimed.","","2023-02-05 06:01:41","2023-02-05 06:01:41","","","0","107.77.223.115","159","zercv"
"2023-02-04","05:30","Obscured","X","No precipitation","NO","","","","","","3","5.0","3.5","","140","14","NC","86","3","-34.0","-17.5","-12.5","-37.5","-24.0","-37.5","NW","Extreme","E","Eli Hanschka","Snow plot was heavily wind affected.","","2023-02-04 06:09:31","2023-02-04 06:09:31","","","0","107.77.223.159","157","dl8nd"
"2023-02-03","05:30","Obscured","X","Snow","SN","Light snowfall","S1","Irregular crystals","ir","1-2","4","2.0","3.9","","51","5","NC","89","","-24.0","-12.0","-10.0","-24.0","-10.5","-24.0","NW","Strong","S","Eli Hanschka","","","2023-02-03 06:11:26","2023-02-03 06:11:26","","","0","107.77.223.159","154","2evsj"
"2023-02-02","05:35","Clear","CLR","No precipitation","NO","","","","","","0","0.0","0.3","","0","0","0c","86","","-13.0","-10.0","-7.0","-15.0","-13.0","-23.0","","Light","L","Aubrey Schoff","","","2023-02-02 05:48:17","2023-02-02 05:48:17","","","0","166.198.21.127","151","i6oz6"
"2023-02-01","05:38","Clear","CLR","No precipitation","NO","","","","","","0","0.5","0.4","","12","1","0c","89","","-15.0","-10.0","-10.0","-22.0","-12.0","-22.0","W","Calm","C","Aubrey Schoff","","","2023-02-01 06:05:24","2023-02-01 06:05:24","","","0","166.198.21.32","148","14g1m"
"2023-01-21","05:40","Clear","CLR","No precipitation","NO","","","","","","7","6.5","7.5","","87","9","21","64","","-10.5","-7.5","-5.0","-10.0","","-12.0","NW","Moderate","M","Eli Hanschka","Max temp not collected because I forgot to reset yesterday.","","2023-01-21 06:02:17","2023-01-21 06:02:17","","","0","107.77.223.235","115","lzutg"
"2023-01-30","05:40","Clear","CLR","","","","","","","","6","7.0","6.2","","11","1","7c","85","","-7.0","-4.5","-4.0","-8.0","-3.0","-8.0","NW","Light","L","Aubrey Schoff","","","2023-01-30 06:20:38","2023-01-30 06:20:38","","","0","107.115.17.60","142","715td"
"2023-01-29","05:41","Scattered","SCT","No precipitation","NO","","","","","","2","1.5","1.8","","83","8","2","84","1","-7.0","-7.0","-6.5","-5.5","-5.5","-10.0","W","Light","L","Eli Hanschka","","","2023-01-29 06:01:11","2023-01-29 06:01:11","","","0","107.77.223.92","139","kup5b"
"2023-01-28","05:43","Overcast","OVC","Snow","SN","Very light snowfall","S-1","Irregular crystals","ir","1","T","","","","","","T","85","2","-8.5","-8.0","-7.0","-9.0","-9.0","-14.0","SW","Moderate","M","Eli Hanschka","Irregular snow grains falling  looked deformed/rimed but there were stellar dendrites on the snow surface.","","2023-01-28 06:03:21","2023-01-28 06:03:21","","","0","107.77.225.55","136","cme9d"
"2023-01-27","05:40","Scattered","SCT","Snow","SN","Very light snowfall","S-1","Stellars and dendrites, Irregular crystals","sd, ir","1","5","7.5","5.2","","140","14","22","87","1","-13.0","-10.0","-5.5","-13.0","0.0","-13.0","W","Moderate","M","Eli Hanschka","Snow grain forms were rimed and fragmented. Difficult to tell whether the snow in the air was from wind transport or active precip.","","2023-01-27 06:06:01","2023-01-27 06:06:01","","","0","107.77.224.50","133","lrmbr"
"2023-01-26","05:35","Overcast","OVC","Rain","RA","Light rain","RL","","","","18","37.5","18.2","","210","21","NC","88","","-0.5","-5.0","-5.5","-1.0","-1.0","-10.5","SW","Light","L","Eli Hanschka","","","2023-01-26 06:01:47","2023-01-26 06:01:47","","","0","107.77.225.153","129","616yq"
"2023-01-25","09:15","Overcast","OVC","No precipitation","NO","","","","","","2","2.5","2.2","","110","11","2","74","","-10.0","-8.5","-6.5","-10.0","-7.5","-13.0","W","Calm","C","Eli Hanschka","","","2023-01-25 09:31:11","2023-01-25 09:31:11","","","0","107.77.223.194","128","fc8va"
"2023-01-24","05:40","Obscured","X","No precipitation","NO","","","","","","11","9.0","10.9","","83","8","26","76","","-8.0","-7.0","-6.0","-9.0","-3.5","-11.0","W","Strong","S","Eli Hanschka","Blowing snow observed at the snow plot which may have affected HST.","","2023-01-24 06:03:45","2023-01-24 06:03:45","","","0","107.77.224.70","124","ba1y5"
"2023-01-23","05:40","Overcast","OVC","Snow","SN","Moderate snowfall","S2","Graupel, Irregular crystals","gp, ir","1-2","9","9.0","8.8","","100","10","NC","68","","-4.5","-4.5","-3.5","-5.5","-2.5","-14.5","W","Calm","C","Eli Hanschka","Some grain forms looked rimed.","","2023-01-23 06:06:28","2023-01-23 06:06:28","","","0","107.77.224.127","121","tndog"
"2023-01-22","05:42","Clear","CLR","No precipitation","NO","","","","","","0","","","","","","NC","62","2","-9.0","-7.0","-5.0","-7.5","-7.5","-14.5","W","Light","L","Eli Hanschka","","","2023-01-22 06:00:42","2023-01-22 06:00:42","","","0","107.77.224.127","118","i2wi9"
"2023-02-20","05:46","Overcast","OVC","No precipitation","NO","","","","","","0","","","","","","0","83","0","-1.5","-3.5","-3.5","1.0","1.0","-10.0","W","Moderate","M","Eli Hanschka","","","2023-02-20 05:59:28","2023-02-20 05:59:28","","","0","107.77.223.43","202","ocx86"
"2023-03-01","05:45","Scattered","SCT","Snow","SN","Very light snowfall","S-1","Stellars and dendrites, Graupel, Irregular crystals","sd, gp, ir","1&2","34","26.0","","","76","8","39","140","0","-8.5","-7.0","-6.5","-10.0","-8.0","-12.5","SW","Light","L","Aubrey Schoff","Height for density calculation from measuring stick instead of snow tube because height of snowfall exceeded height of snow tube.","","2023-03-01 06:07:17","2023-03-01 06:07:17","","","0","107.115.17.18","228","5b7ue"
"2023-02-28","05:38","Overcast","OVC","Snow","SN","Moderate snowfall","S2","Plates, Graupel","pl, gp","2","5","1.0","5.0","","20","2","NC","111","0","-9.5","-8.5","-5.5","-12.0","-2.0","-16.5","W","Light","L","Aubrey Schoff","","","2023-02-28 05:47:46","2023-02-28 05:47:46","","","0","107.115.17.138","225","8icjp"
"2023-02-27","05:35","Few","FEW","Snow","SN","Very light snowfall","S-1","Irregular crystals","ir","1mm","9","3.0","8.8","","34","3","9c","110","","-11.5","-9.5","-6.5","-16.0","-11.0","-19.5","NW","Light","L","Aubrey Schoff","","","2023-02-27 05:58:16","2023-02-27 05:58:16","","","0","166.198.21.74","222","lb9ca"
"2023-02-26","05:37","Scattered","SCT","No precipitation","NO","","","","","","T","","","","","","1","105","0","-17.0","-14.5","-10.0","-19.0","-13.0","-21.5","NW","Light","L","Eli Hanschka","","","2023-02-26 05:55:06","2023-02-26 05:55:06","","","0","107.77.226.70","219","lr4hq"
"2023-02-25","05:41","Clear","CLR","No precipitation","NO","","","","","","0","","","","","","21","105","2","-20.5","-15.0","-10.5","-20.0","-14.0","-22.5","NW","Moderate","M","Eli Hanschka","Wind blown snow at plot area, including around HN24 board.","","2023-02-25 05:58:19","2023-02-25 05:58:19","","","0","107.77.223.90","216","bfdx5"
"2023-02-24","05:43","Obscured","X","Snow","SN","Light snowfall","S1","Stellars and dendrites, Irregular crystals","sd, ir","2-3","8","12.0","8.0","","150","15","NC","107","","-12.0","-9.0","-7.5","-14.5","-6.5","-14.5","NW","Moderate","M","Eli Hanschka","","","2023-02-24 06:04:12","2023-02-24 06:04:12","","","0","107.77.225.143","213","ycci8"
"2023-02-23","05:41","Obscured","X","Snow","SN","Moderate snowfall","S2","Needles, Stellars and dendrites, Irregular crystals","nd, sd, ir","2-4","11","9.0","11.3","","80","8","NC","100","","-8.5","-9.0","-8.5","-8.5","-6.0","-12.0","SW","Calm","C","Eli Hanschka","","","2023-02-23 06:04:10","2023-02-23 06:04:10","","","0","107.77.226.126","210","tqles"
"2023-02-22","05:40","Overcast","OVC","Snow","SN","Very light snowfall","S-1","Irregular crystals","ir","1","3","3.0","2.8","","110","11","3","88","","-10.0","-6.5","-5.0","-10.5","-1.0","-10.5","NW","Strong","S","Eli Hanschka","2-3mm graupel observed on snow surface.","","2023-02-22 06:03:33","2023-02-22 06:03:33","","","0","107.77.226.220","207","bxkxq"
"2023-02-21","05:47","Overcast","OVC","No precipitation","NO","","","","","","3","3.0","3.2","","94","9","3","85","","-10.0","-6.5","-5.5","-10.0","0.5","-10.0","NW","Calm","C","Eli Hanschka","","","2023-02-21 06:05:02","2023-02-21 06:05:02","","","0","107.77.224.32","204","gyt4u"
"2023-02-10","05:45","Overcast","OVC","","","","","","","","4","7.0","3.6","","190","19","4","87","","0.0","-1.5","-2:5","4.0","5.0","-5.5","SW","Moderate","M","Eli Hanschka","","","2023-02-10 06:05:14","2023-02-10 06:05:14","","","0","107.77.226.204","173","4zk9c"
"2023-02-19","05:40","Overcast","OVC","No precipitation","NO","","","","","","0","","","","","","0","83","0","-6.5","-6.5","-5.5","-9.0","-8.0","-18.0","W","Moderate","M","Eli Hanschka","","","2023-02-19 05:52:10","2023-02-19 05:52:10","","","0","107.77.223.43","199","o7kiy"
"2023-02-18","05:41","Clear","CLR","No precipitation","NO","","","","","","T","","","","","","T","83","3","-16.0","-7.0","-4.0","-18.0","4.0","-18.0","NW","Calm","C","Eli Hanschka","","","2023-02-18 05:57:15","2023-02-18 05:57:15","","","0","107.77.224.69","196","b37g2"
"2023-02-17","05:39","Obscured","X","Rain","RA","Light rain","RL","","","","0","","","","","","0","86","0","0.0","-1.0","-1.0","1.5","5.0","1.0","SW","Light","L","Eli Hanschka","","","2023-02-17 05:57:25","2023-02-17 05:57:25","","","0","107.77.224.38","193","khoq7"
"2023-02-16","05:45","Few","FEW","No precipitation","NO","","","","","","0","0.0","0.0","","0","0","0","86","6","-0.5","-1.0","-1.0","0.0","7.0","-1.0","SW","Light","L","Aubrey Schoff","","","2023-02-16 05:58:35","2023-02-16 05:58:35","","","0","107.115.17.49","190","2o1r1"
"2023-02-15","05:45","Overcast","OVC","No precipitation","NO","","","","","","4","4.5","4.0","","11","1","8c","92","","-3.5","-3.5","-3.0","-0.5","0.0","-8.5","W","Light","L","Aubrey Schoff","","","2023-02-15 06:08:18","2023-02-15 06:08:18","","","0","166.198.21.59","188","7bx77"
"2023-02-14","05:34","Overcast","OVC","Snow","SN","Moderate snowfall","S2","Graupel","gp","2","5","3.5","4.8","","73","7","NC","88","0","-5.0","-4.5","-4.0","-6.5","-1.0","-11.0","SW","Light","L","Aubrey Schoff","","","2023-02-14 06:06:28","2023-02-14 06:06:28","","","0","216.107.219.202","184","kj1q7"
"2023-02-13","05:35","Few","FEW","","","","","","","","","","","","","","","85","","-10.0","-6.0","-5.0","-11.0","0.0","-11.0","","Calm","C","Aubrey Schoff","","","2023-02-13 05:47:29","2023-02-13 05:47:29","","","0","107.115.17.22","181","45ixv"
"2023-02-12","05:40","Clear","CLR","","","","","","","","0","","","","","","3","87","1","-9.5","-7.5","-6.0","-7.5","-5.5","-10.5","W","Moderate","M","Eli Hanschka","","","2023-02-12 05:55:58","2023-02-12 05:55:58","","","0","107.77.226.68","179","ufeom"
"2023-02-11","05:40","Obscured","X","Snow","SN","Moderate snowfall","S2","Stellars and dendrites, Irregular crystals","sd, ir","1-3","3","2.5","2.8","","89","9","NC","88","","-9.0","-4.5","-4.5","-10.0","5.0","-10.0","NW","Strong","S","Eli Hanschka","Snow grains were heavily rimed.","","2023-02-11 06:00:08","2023-02-11 06:00:08","","","0","107.77.223.64","175","jdmph"
"2023-03-12","04:32","Few","FEW","No precipitation","NO","","","","","","0","","","","","","0","144","2","-9.5","-8.5","-7.0","-11.0","0.0","-11.0","NE","Calm","C","Eli Hanschka","","","2023-03-12 04:45:40","2023-03-12 04:45:40","","","0","107.77.224.228","259","5wvoo"
"2023-03-21","05:52","Clear","CLR","No precipitation","NO","","","","","","0","","","","","","0","167","1","-9.0","-8.0","-7.0","-6.0","-3.0","-6.0","W","Moderate","M","Eli Hanschka","","","2023-03-21 05:58:57","2023-03-21 05:58:57","","","0","107.77.226.32","281","iz8p"
"2023-03-20","15:54","Clear","CLR","No precipitation","NO","","","","","","2","1.5","1.6","","94","9","7","168","7","-7.0","-6.5","-6.5","-3.5","-1.0","-15.5","W","Moderate","M","Eli Hanschka","","","2023-03-20 16:06:33","2023-03-20 16:06:33","","","0","107.77.226.32","280","njy0"
"2023-03-19","05:44","Obscured","X","Snow","SN","Light snowfall","S1","Stellars and dendrites, Irregular crystals","sd, ir","1-2","11","5.0","11.2","","44","4","NC","175","","-12.5","-8.5","-8.5","-13.0","8.5","-13.0","W","Moderate","M","Eli Hanschka","Max temp likely affected by sun warming","","2023-03-19 06:10:58","2023-03-19 06:10:58","","","0","107.77.223.26","277","22zrt"
"2023-03-18","05:48","Overcast","OVC","Snow","SN","Light snowfall","S1","Colums, Irregular crystals","cl, ir","1","T","","","","","","NC","169","4","0.0","-1.5","-2.5","-1.5","0.5","-3.0","W","Moderate","M","Eli Hanschka","","","2023-03-18 06:05:16","2023-03-18 06:05:16","","","0","107.77.223.26","274","nf0qo"
"2023-03-17","06:43","Scattered","SCT","","","","","","","","","1.0","0.4","","25","3","","173","","-3.5","-4.5","-3.5","-2.5","0.0","-8.5","S","Light","L","Aubrey Schoff","","","2023-03-17 06:45:57","2023-03-17 06:45:57","","","0","166.198.21.67","272","2q6ds"
"2023-03-16","05:46","Broken","BKN","No precipitation","NO","","","","","","7","13.5","6.2","","218","22","44","180","","-6.5","-6.0","-5.0","-6.5","-8.0","-5.0","NW","Moderate","M","Aubrey Schoff","","","2023-03-16 06:11:08","2023-03-16 06:11:08","","","0","166.198.21.106","270","7qqka"
"2023-03-15","05:45","Overcast","OVC","Snow","SN","Light snowfall","S1","Stellars and dendrites, Graupel, Irregular crystals","sd, gp, ir","2","37","43.0","37.5","","114","11","NC","185","0","-6.0","-5.0","-5.0","-7.0","-8.0","-7.0","SW","Light","L","Aubrey Schoff","","","2023-03-15 06:21:59","2023-03-15 06:21:59","","","0","166.198.21.106","268","8g7hm"
"2023-03-14","05:47","Overcast","OVC","Snow","SN","Heavy snowfall","S5","Stellars and dendrites, Graupel","sd, gp","1&2","16","19.0","16.5","","12","122","NC","155","0","-5.5","-5.0","-5.0","-7.0","-1.0","-7.5","","Calm","C","Aubrey Schoff","","","2023-03-14 06:15:46","2023-03-14 06:15:46","","","0","166.198.21.104","265","bkh10"
"2023-03-13","05:40","Obscured","X","","","","","","","","0","0.0","0.0","","0","0","0","143","","-4.5","-5.0","-4.5","-5.0","9.5","-12.0","SW","Moderate","M","Aubrey Schoff","","","2023-03-13 05:47:34","2023-03-13 05:47:34","","","0","166.198.21.104","261","8ki67"
"2023-03-02","05:45","Overcast","OVC","Snow","SN","Light snowfall","S1","Plates, Stellars and dendrites, Irregular crystals","pl, sd, ir","1","2","1.0","1.8","","55","5","NC","132","","-4.0","-4.0","-4.0","-4.0","-1.0","-12.5","NW","Moderate","M","Aubrey Schoff","","","2023-03-02 06:04:40","2023-03-02 06:04:40","","","0","166.198.21.143","231","x7xkf"
"2023-03-11","05:55","Broken","BKN","No precipitation","NO","","","","","","0","","","","","","0","146","2","-10.0","-8.0","-7.0","-10.0","8.0","-10.0","NE","Calm","C","Eli Hanschka","Temp max seemed very high, possibly affected by solar warming?","","2023-03-11 06:10:33","2023-03-11 06:10:33","","","0","107.77.226.38","257","cbi4f"
"2023-03-10","03:20","Clear","CLR","No precipitation","NO","","","","","","0","","","","","","0","148","4","-9.5","-8.0","-6.0","-11.0","0.5","-11.5","N","Light","L","Eli Hanschka","","","2023-03-10 03:31:01","2023-03-10 03:31:01","","","0","107.77.225.49","254","xsejm"
"2023-03-09","05:47","Overcast","OVC","No precipitation","NO","","","","","","0","","","","","","2","152","2","-7.0","-5.0","-5.0","-8.0","0.5","-8.0","N","Light","L","Eli Hanschka","","","2023-03-09 06:01:09","2023-03-09 06:01:09","","","0","107.77.225.84","251","a6dcb"
"2023-03-08","05:58","Overcast","OVC","Snow","SN","Very light snowfall","S-1","Graupel, Irregular crystals","gp, ir","1-2","2","1.5","1.7","","88","9","NC","154","1","-5.0","-6.5","-6.5","-5.0","-5.0","-9.5","NE","Moderate","M","Eli Hanschka","","","2023-03-08 06:16:52","2023-03-08 06:16:52","","","0","107.77.225.27","248","63ax0"
"2023-03-07","05:45","Broken","BKN","No precipitation","NO","","","","","","0","","","","","","3","155","5","-8.0","-7.5","-7.5","-10.0","-1.5","-10.0","N","Calm","C","Eli Hanschka","","","2023-03-07 06:00:14","2023-03-07 06:00:14","","","0","107.77.223.139","245","1egl7"
"2023-03-06","05:42","Overcast","OVC","Snow","SN","Very light snowfall","S-1","Irregular crystals","ir","1","2","2.5","1.8","","140","14","NC","160","3","-9.0","-8.0","-7.0","-10.0","-1.5","-10.0","NW","Strong","S","Eli Hanschka","","","2023-03-06 06:03:48","2023-03-06 06:03:48","","","0","107.77.225.90","242","plm9m"
"2023-03-05","05:38","Scattered","SCT","No precipitation","NO","","","","","","15","13.0","14.8","","87","9","34","163","","-9.5","-8.5","-8.0","-8.5","-4.5","-10.0","NW","Light","L","Eli Hanschka","","","2023-03-05 06:00:11","2023-03-05 06:00:11","","","0","107.77.223.130","238","2bw4a"
"2023-03-04","05:38","Overcast","OVC","Snow","SN","Moderate snowfall","S2","Stellars and dendrites, Irregular crystals","sd, ir","2-3","20","19.0","19.6","","100","10","NC","154","","-8.0","-8.0","-8.0","-8.0","0.5","-10.5","SE","Light","L","Eli Hanschka","","","2023-03-04 06:04:32","2023-03-04 06:04:32","","","0","107.77.223.130","236","auzsb"
"2023-03-03","05:43","Clear","CLR","No precipitation","NO","","","","","","17","19.0","16.6","","110","11","18","140","","-10.5","-8.5","-7.0","-11.0","-1.5","-11.0","NW","Moderate","M","Eli Hanschka","","","2023-03-03 06:11:07","2023-03-03 06:11:07","","","0","107.77.225.141","233","pwgsx"
"2023-04-02","05:45","Obscured","X","Snow","SN","Light snowfall","S1","Irregular crystals","ir","1-2","0","","","","","","0","157","8","-7.5","-2.5","-2.0","-8.0","5.0","-8.0","NW","Extreme","E","Eli Hanschka","","","2023-04-02 05:58:43","2023-04-02 05:58:43","","","0","107.77.225.196","313","smn2j"
"2023-04-11","06:00","Clear","CLR","","","","","","","","","","","","","","","130","5","-1.0","-1.0","-1.0","4.0","14.0","-6.0","N","Light","L","Jimmy","","","2023-04-11 06:23:02","2023-04-11 06:23:02","","","0","107.77.225.24","331","wi41i"
"2023-04-10","06:02","Clear","CLR","","","","","","","","","","","","","","","135","3","-5.0","-5.0","-4.0","-5.0","4.0","-5.0","","Calm","C","Jim","","","2023-04-10 06:06:43","2023-04-10 06:06:43","","","0","107.77.223.174","329","bz9yl"
"2023-04-09","05:50","Clear","CLR","No precipitation","NO","","","","","","0","","","0","","","0","138","0","-9.5","-8.0","-6.5","-7.5","-4.5","-11.0","NW","Light","L","Eli Hanschka","","","2023-04-09 06:04:16","2023-04-09 06:04:16","","","0","107.77.224.73","327","tg57j"
"2023-04-08","05:48","Clear","CLR","No precipitation","NO","","","","","","0","","","0","","","0","138","1","-11.5","-8.0","-5.0","-11.5","0.0","-11.5","W","Moderate","M","Eli Hanschka","","","2023-04-08 06:06:28","2023-04-08 06:06:28","","","0","107.77.224.73","325","seokw"
"2023-04-07","05:50","Broken","BKN","No precipitation","NO","","","","","","0","","","0","","","0","139","10","-4.0","-2.0","-1.5","-3.0","11.0","-3.0","W","Strong","S","Eli Hanschka","","","2023-04-07 06:02:03","2023-04-07 06:02:03","","","0","107.77.225.165","323","n0gtr"
"2023-04-06","05:52","Broken","BKN","No precipitation","NO","","","","","","0","","","","","","0","149","6","0.0","0.0","0.0","9.5","11.0","-3.5","W","Moderate","M","Eli Hanschka","","","2023-04-06 06:04:23","2023-04-06 06:04:23","","","0","107.77.223.12","321","j0mni"
"2023-04-05","05:50","Overcast","OVC","No precipitation","NO","","","","","","0","","","","","","0","155","0","-1.0","-1.0","-1.0","-2.5","5.0","-2.5","","Calm","C","Eli Hanschka","","","2023-04-05 06:03:20","2023-04-05 06:03:20","","","0","107.77.225.142","319","5iz6h"
"2023-04-04","05:48","Broken","BKN","No precipitation","NO","","","","","","6","4.0","5.8","","69","7","6","155","0","-2.0","-3.0","-2.5","-1.0","2.5","-2.0","W","Moderate","M","Eli Hanschka","","","2023-04-04 06:05:47","2023-04-04 06:05:47","","","0","107.77.225.7","317","9rvra"
"2023-04-03","09:45","Few","FEW","No precipitation","NO","","","","","","0","","","","","","0","155","2","-6.0","-6.5","-6.0","-1.0","-1.0","-12.0","SW","Light","L","Eli Hanschka","","","2023-04-03 09:56:34","2023-04-03 09:56:34","","","0","107.77.225.10","316","cq7n3"
"2023-03-22","05:47","Scattered","SCT","No precipitation","NO","","","","","","0","","","","","","0","164","3","-7.0","-6.5","-5.0","-4.5","0.5","-7.0","NW","Moderate","M","Eli Hanschka","","","2023-03-22 06:02:45","2023-03-22 06:02:45","","","0","107.77.224.156","284","hnpaz"
"2023-04-01","05:51","Overcast","OVC","No precipitation","NO","","","","","","6","6.5","5.8","","110","11","7","165","","-1.0","-3.5","-3.5","1.5","5.0","-10.5","SW","Moderate","M","Eli Hanschka","","","2023-04-01 06:12:49","2023-04-01 06:12:49","","","0","107.77.224.185","311","pkutf"
"2023-03-31","05:46","Few","FEW","No precipitation","NO","","","","","","T","","","","","","7","162","1","-10.5","-9.5","-8.0","-11.0","-11.0","-14.0","NW","Moderate","M","Eli Hanschka","","","2023-03-31 05:59:14","2023-03-31 05:59:14","","","0","107.77.224.151","308","t8rj1"
"2023-03-30","05:45","Obscured","X","Snow","SN","Light snowfall","S1","Stellars and dendrites, Graupel, Irregular crystals","sd, gp, ir","2-3","8","8.0","8.0","","100","10","NC","163","","-11.5","-7.0","-5.0","-12.5","5.0","-12.5","NW","Strong","S","Eli Hanschka","","","2023-03-30 06:04:59","2023-03-30 06:04:59","","","0","107.77.225.210","305","wo6f6"
"2023-03-29","06:30","Clear","CLR","","","","","","","","","","","","","","","158","","-7.0","-5.0","-2.5","-5.5","0.0","-9.5","W","Light","L","Aubrey Schoff","There were trace amounts of snow on the snow boards that were unmeasurable.","","2023-03-29 07:23:17","2023-03-29 07:23:17","","","0","166.198.21.27","304","6fj75"
"2023-03-28","06:42","Broken","BKN","Snow","SN","Very light snowfall","S-1","Stellars and dendrites, Irregular crystals","sd, ir","1","3","4.5","3.0","","150","15","12","160","","-5.0","-3.5","-2.5","-7.5","8.0","-7.5","","Calm","C","Aubrey Schoff","HN24 is a 48 hr reading with most of the precipitation falling within the typically measured 24 hr period.","","2023-03-28 07:07:16","2023-03-28 07:07:16","","","0","166.198.21.58","298","ts67u"
"2023-03-26","05:48","Overcast","OVC","Snow","SN","Light snowfall","S1","Needles, Stellars and dendrites, Irregular crystals","nd, sd, ir","1-2","10","17.0","9.7","","175","18","NC","162","","-3.5","-4.0","-4.0","-3.0","-0.5","-11.0","SW","Light","L","Eli Hanschka","","","2023-03-26 05:59:13","2023-03-26 05:59:13","","","0","107.77.225.11","294","kifx8"
"2023-03-25","05:27","Clear","CLR","No precipitation","NO","","","","","","0","","","","","","T","155","0","-11.5","-7.0","-3.5","-12.0","-3.5","-12.0","N","Light","L","Eli Hanschka","","","2023-03-25 05:41:57","2023-03-25 05:41:57","","","0","107.77.224.64","292","f743b"
"2023-03-24","05:49","Overcast","OVC","Snow","SN","Very light snowfall","S-1","Irregular crystals","ir","1","T","","","","","","NC","155","5","-5.0","-2.0","-2.0","-5.5","4.0","-5.5","W","Strong","S","Eli Hanschka","","","2023-03-24 06:05:49","2023-03-24 06:05:49","","","0","107.77.225.158","289","ldtyu"
"2023-03-23","05:47","Overcast","OVC","No precipitation","NO","","","","","","0","","","","","","0","160","4","-1.0","-2.0","-2.0","2.5","6.0","-5.0","SW","Moderate","M","Eli Hanschka","","","2023-03-23 06:04:53","2023-03-23 06:04:53","","","0","107.77.223.48","287","tdut"
"2023-04-22","05:50","Few","FEW","No precipitation","NO","","","","","","0","","","0","","","0","87","","0.0","0.0","0.0","7.0","11.0","0.0","SW","Moderate","M","Eli Hanschka","","","2023-04-22 06:02:56","2023-04-22 06:02:56","","","0","107.77.225.19","356","qcmvo"
"2023-04-30","06:34","","","Rain","RA","Light rain","RL","","","","2","10.0","2.0","","","50","2","88","","0.0","0.0","0.0","-1.0","7.0","-1.0","","Calm","C","Jim","","","2023-04-30 06:40:18","2023-04-30 06:40:18","","","0","166.194.188.5","373","d74v7"
"2023-04-30","06:24","Overcast","OVC","Rain","RA","Light rain","RL","","","","2","","2.0","","","","","","","","","","","","","","","","","","","2023-04-30 06:34:45","2023-04-30 06:34:45","","","0","166.194.188.5","372","ea0ty"
"2023-04-29","06:07","Few","FEW","","","","","","","","0","","","0","","","0","88","7","0.0","0.0","0.0","2.5","16.0","-1.0","SE","Light","L","Eli Hanschka","","","2023-04-29 06:12:11","2023-04-29 06:12:11","","","0","107.77.223.42","370","ubtys"
"2023-04-28","06:00","Clear","CLR","No precipitation","NO","","","","","","","","","","","","","95","5","-2.0","-1.0","-1.0","-1.0","8.0","-4.0","","Calm","C","Jim","","","2023-04-28 06:59:32","2023-04-28 06:59:32","","","0","107.115.17.124","368","nr5mo"
"2023-04-27","06:00","Overcast","OVC","Snow","SN","Very light snowfall","S-1","Irregular crystals","ir","1","2","2.0","2.0","","100","10","NC","100","","-1.0","-1.0","-1.0","1.0","11.0","-4.0","","Calm","C","Jim","Yesterdays can melt: 19mm","","2023-04-27 06:32:33","2023-04-27 06:32:33","","","0","107.122.189.123","366","vpe20"
"2023-04-26","06:00","Clear","CLR","No precipitation","NO","","","","","","6","11.0","6.0","","183","18","19","100","","-4.0","-1.0","-1.0","-1.0","5.0","-4.0","","Calm","C","Jim","Yesterdays can melt: 19mm","","2023-04-26 07:01:54","2023-04-26 07:01:54","","","0","107.115.17.111","364","usu04"
"2023-04-25","06:00","Overcast","OVC","Snow","SN","Very light snowfall","S-1","Colums, Needles","cl, nd","1","8","10.0","8.0","","125","13","NC","95","","-1.0","-1.0","-1.0","0.0","1.0","-1.0","","Calm","C","Jim","Yesterdays can melt: 40mm","","2023-04-25 06:36:31","2023-04-25 06:36:31","","","0","107.122.189.131","362","76evv"
"2023-04-24","06:10","Obscured","X","Rain","RA","Very light rain","RV","","","","8","21.0","8.0","","262","26","NC","90","","-1.0","-1.0","-1.0","0.0","0.0","-2.0","","Calm","C","Jim","","","2023-04-24 06:20:00","2023-04-24 06:20:00","","","0","107.122.189.131","360","bj0vo"
"2023-04-23","06:00","Overcast","OVC","No precipitation","NO","","","","","","","","","","","","","80","","-1.0","-1.0","-1.0","0.0","12.0","0.0","SE","Light","L","Jim","","","2023-04-23 06:17:22","2023-04-23 06:17:22","","","0","107.122.189.4","358","3ntqz"
"2023-04-12","06:00","Few","FEW","","","","","","","","","","","","","","","125","5","-1.0","-1.0","-1.0","1.0","14.0","0.0","W","Light","L","Jim","","","2023-04-12 06:22:19","2023-04-12 06:22:19","","","0","107.77.225.126","333","i79u"
"2023-04-21","05:48","Broken","BKN","No precipitation","NO","","","","","","0","","","0","","","0","85","2","-0.5","-2.0","-2.0","3.0","5.5","-8.5","NW","Moderate","M","Eli Hanschka","","","2023-04-21 06:00:45","2023-04-21 06:00:45","","","0","107.77.224.14","354","t6s3r"
"2023-04-20","06:25","Broken","BKN","No precipitation","NO","","","","","","1","2.0","0.8","","250","25","1","87","0","-7.0","-4.0","-3.0","-8.0","-1.0","-8.0","W","Strong","S","Eli Hanschka","","","2023-04-20 06:42:07","2023-04-20 06:42:07","","","0","107.77.225.54","352","fp53w"
"2023-04-19","05:50","Broken","BKN","No precipitation","NO","","","","","","2","2.5","1.8","","140","14","2","87","","-4.0","-1.5","-1.5","-5.5","2.0","-5.5","W","Moderate","M","Eli Hanschka","","","2023-04-19 06:07:22","2023-04-19 06:07:22","","","0","107.77.225.151","350","d9pwh"
"2023-04-18","05:50","Overcast","OVC","No precipitation","NO","","","","","","0","","","12.5","","","0","86","9","-0.5","-0.5","0.0","1.0","8.0","0.0","N","Light","L","Eli Hanschka","","","2023-04-18 06:16:14","2023-04-18 06:16:14","","","0","107.77.224.57","348","52unz"
"2023-04-17","06:02","Overcast","OVC","Rain","RA","Very light rain","RV","","","","0","","","","","","0","95","8","0.0","0.0","0.0","7.0","20.0","3.0","SE","Light","L","Eli Hanschka","","","2023-04-17 06:08:25","2023-04-17 06:08:25","","","0","107.77.226.82","346","8r0o3"
"2023-04-16","05:10","Scattered","SCT","No precipitation","NO","","","","","","0","","","","","","0","103","2","0.0","-0.5","-1.0","10.0","17.0","3.0","N","Light","L","Eli Hanschka","","","2023-04-16 05:18:09","2023-04-16 05:18:09","","","0","107.77.224.32","343","806u1"
"2023-04-15","06:30","Clear","CLR","No precipitation","NO","","","","","","","","","","","","","105","5","1.0","-1.0","-1.0","9.0","22.0","6.0","S","Light","L","Jim","","","2023-04-15 06:44:08","2023-04-15 06:44:08","","","0","107.77.224.21","340","o63cm"
"2023-04-14","05:50","Few","FEW","","","","","","","","","","","","","","","110","10","1.0","-1.0","-1.0","10.0","21.0","5.0","NW","Light","L","Jim","","","2023-04-14 06:22:07","2023-04-14 06:22:07","","","0","107.77.223.172","338","egk4g"
"2023-04-13","05:59","Few","FEW","","","","","","","","","","","","","","","120","5","1.0","0.0","0.0","10.0","10.0","-2.0","NW","Calm","C","Jim","","","2023-04-13 06:05:07","2023-04-13 06:05:07","","","0","107.77.223.84","336","e3kdq"
"2023-05-14","06:49","Clear","CLR","No precipitation","NO","","","","","","0","","","0","","","0","53","7","0.0","0.0","0.0","1.0","11.0","-0.5","NW","Light","L","Eli Hanschka","","","2023-05-14 06:55:03","2023-05-14 06:55:03","","","0","107.77.226.185","389","fgaba"
"2023-12-02","05:36","Overcast","OVC","No precipitation","NO","","","","","","T","","","6.0","","","","40","","0.0","0.0","-0.5","0.0","","","SW","Calm","C","Eli Hanschka","","","2023-12-02 06:05:45","2023-12-02 06:05:45","","","0","107.77.226.168","405","yzqvi"
"2023-05-22","07:00","Clear","CLR","No precipitation","NO","","","","","","","","","","","","","10","5","","","","4.0","13.0","0.0","","Calm","C","Jim","","","2023-05-22 07:27:12","2023-05-22 07:27:12","","","0","166.194.188.21","397","ruf37"
"2023-05-21","07:00","Obscured","X","","","","","","","","","","","","","","","15","5","","","","7.0","13.0","5.0","W","Light","L","Jim","","","2023-05-21 07:23:55","2023-05-21 07:23:55","","","0","166.194.188.139","396","9w1dm"
"2023-05-20","07:31","Broken","BKN","No precipitation","NO","","","","","","0","","","0","","","0","20","10","0.5","0.0","0.0","5.0","7.0","16.0","S","Calm","C","Eli Hanschka","","","2023-05-20 07:38:01","2023-05-20 07:38:01","","","0","107.77.226.203","395","d5n8q"
"2023-05-19","07:29","Clear","CLR","No precipitation","NO","","","","","","0","","","0","","","0","30","4","0.0","0.0","0.0","8.5","8.5","-4.0","SW","Light","L","Eli Hanschka","","","2023-05-19 07:42:39","2023-05-19 07:42:39","","","0","107.77.224.151","394","kq0mk"
"2023-05-18","06:47","Clear","CLR","No precipitation","NO","","","","","","T","","","","","","1","34","0","-4.5","-2.0","0.0","-4.0","-0.5","-5.0","W","Strong","S","Eli Hanschka","","","2023-05-18 07:04:42","2023-05-18 07:04:42","","","0","107.77.224.151","393","oovav"
"2023-05-17","06:54","Broken","BKN","Snow","SN","Very light snowfall","S-1","Stellars and dendrites, Irregular crystals","sd, ir","1-3","1","1.0","0.9","","110","11","NC","34","6","-2.5","0.0","0.0","-3.5","11.0","-3.5","NW","Light","L","Eli Hanschka","","","2023-05-17 07:00:45","2023-05-17 07:00:45","","","0","107.77.224.151","392","cxzuh"
"2023-05-16","06:52","Scattered","SCT","No precipitation","NO","","","","","","0","","","0","","","0","40","8","1.5","0.0","0.0","6.0","11.0","5.5","W","Moderate","M","Eli Hanschka","","","2023-05-16 07:04:40","2023-05-16 07:04:40","","","0","107.77.224.151","391","zjltm"
"2023-05-15","06:45","Scattered","SCT","No precipitation","NO","","","","","","0","","","0","","","0","48","5","0.0","0.0","0.0","6.5","6.5","0.5","NW","Light","L","Eli Hanschka","","","2023-05-15 06:55:27","2023-05-15 06:55:27","","","0","107.77.224.151","390","jzv88"
"2023-05-03","05:52","Overcast","OVC","Snow","SN","Light snowfall","S1","Needles","nd","2-3","8","27.0","8.0","","","34","NC","94","","0.0","0.0","0.0","-0.5","5.5","-0.5","","Calm","C","Eli Hanschka","Density (kg/m3): 340","","2023-05-03 06:13:11","2023-05-03 06:13:11","","","0","107.77.223.189","377","itann"
"2023-05-13","06:25","Clear","CLR","No precipitation","NO","","","","","","","","","","","","","60","5","1.0","0.0","0.0","5.0","15.0","4.0","NW","Light","L","Jim","","","2023-05-13 06:56:55","2023-05-13 06:56:55","","","0","166.194.188.120","388","q5jka"
"2023-05-12","06:58","Overcast","OVC","Rain","RA","Very light rain","RV","","","","","","","T","","","","65","","1.0","0.0","0.0","7.0","11.0","5.0","W","Light","L","Jim","","","2023-05-12 07:20:40","2023-05-12 07:20:40","","","0","166.194.188.114","387","no531"
"2023-05-10","06:30","Clear","CLR","No precipitation","NO","","","","","","","","","","","","","72","","1.0","0.0","0.0","6.0","12.0","2.0","N","Light","L","Jim","","","2023-05-11 06:58:48","2023-05-11 06:58:48","","","0","166.194.188.81","386","9bclu"
"2023-05-10","05:01","Clear","CLR","No precipitation","NO","","","","","","","","","","","","","73","7","-1.0","-1.0","-1.0","2.0","10.0","2.0","N","Light","L","Jim","","","2023-05-10 05:06:04","2023-05-10 05:06:04","","","0","166.194.188.82","385","r6keh"
"2023-05-09","07:00","Clear","CLR","No precipitation","NO","","","","","","","","","","","","","80","","0.0","0.0","0.0","0.0","10.0","-1.0","","Calm","C","Jimmy","","","2023-05-09 07:53:38","2023-05-09 07:53:38","","","0","166.194.188.82","384","eofs2"
"2023-05-08","06:43","Clear","CLR","No precipitation","NO","","","","","","0","","","0","","","0","86","","0.0","0.0","0.0","4.5","16.0","3.0","N","Light","L","Eli Hanschka","","","2023-05-08 06:47:07","2023-05-08 06:47:07","","","0","107.77.223.127","383","xs69u"
"2023-05-07","06:00","Clear","CLR","No precipitation","NO","","","","","","","","","","","","","85","","1.0","0.0","0.0","5.0","10.0","5.0","","Calm","C","Jim","","","2023-05-07 06:38:25","2023-05-07 06:38:25","","","0","166.194.188.20","382","cyfbj"
"2023-05-05","06:12","Overcast","OVC","Snow","SN","Very light snowfall","S-1","Plates, Irregular crystals","pl, ir","1-2","0","","","","","","16","104","5","0.0","0.0","0.0","0.0","0.5","-1.5","","Calm","C","Eli Hanschka","HST was more accurately measure yesterday on the Hojos porch @ 24cm.","","2023-05-05 06:27:46","2023-05-05 06:27:46","","","0","107.77.223.189","381","z78if"
"2023-05-04","05:51","Overcast","OVC","Snow","SN","Very light snowfall","S-1","Needles, Stellars and dendrites","nd, sd","1-3","7","12.0","7.0","","170","17","NC","108","","-0.5","0.0","0.0","-1.5","0.0","-1.5","","Calm","C","Eli Hanschka","","","2023-05-04 06:09:14","2023-05-04 06:09:14","","","0","107.77.223.189","379","42o90"
"2023-12-13","05:39","Overcast","OVC","No precipitation","NO","","","","","","1","1.0","1.6","","62","6","1","43","","-5.0","-4.0","-3.0","-7.0","-5.0","-11.0","W","Strong","S","Cooper Smith","","","2023-12-13 05:58:16","2023-12-13 05:58:16","","","0","174.196.193.17","423","ra9ll"
"2023-12-14","05:35","Clear","CLR","No precipitation","NO","","","","","","0","","","0","","","","0","","","","","-4.5","13.0","-4.5","NW","Light","L","Cooper Smith","","","2023-12-22 06:04:38","2023-12-22 06:04:38","","","0","174.196.198.144","436","bsmtq"
"2023-12-21","05:35","Clear","CLR","No precipitation","NO","","","","","","0","","","0","","","0","0","","","","","-11.5","0.0","-11.5","NW","Light","L","Eli Hanschka","","","2023-12-21 05:46:32","2023-12-21 05:46:32","","","0","107.77.226.171","435","j47ei"
"2023-12-20","05:52","Clear","CLR","No precipitation","NO","","","","","","T","","","T","","","0","0","","","","","-4.0","-1.0","-9.0","N","Moderate","M","Eli Hanschka","","","2023-12-20 06:01:36","2023-12-20 06:01:36","","","0","107.77.224.229","434","2if3y"
"2023-12-19","06:22","Broken","BKN","No precipitation","NO","","","","","","0","","","154.0","","","0","0","37","","","","-3.0","8.0","-3.0","W","Light","L","Eli Hanschka","Snowplot was flooded so that any snow that could have remained on the ground after the rain even was washed away. Patchy shallow snow on the ground in non-flooded areas.","","2023-12-19 07:28:51","2023-12-19 07:28:51","","","0","107.77.223.139","433","vvr7t"
"2023-12-18","06:25","Obscured","X","Rain","RA","Moderate Rain","RM","","","","0","","","55.0","","","0","37","8","0.5","0.0","0.0","5.5","5.5","0.5","S","Strong","S","Eli Hanschka","","","2023-12-18 06:51:59","2023-12-18 06:51:59","","","0","107.77.223.139","431","txadc"
"2023-12-17","05:40","Broken","BKN","No precipitation","NO","","","","","","0","","","0","","","0","45","0","-2.5","-2.5","-2.0","0.5","4.0","-4.0","S","Strong","S","Eli Hanschka","","","2023-12-17 05:52:51","2023-12-17 05:52:51","","","0","107.77.224.65","430","dg81o"
"2023-12-16","05:41","Clear","CLR","No precipitation","NO","","","","","","0","","","0","","","0","45","2","-3.5","-2.0","-1.5","-3.5","4.0","-3.5","NW","Strong","S","Eli Hanschka","","","2023-12-16 05:54:23","2023-12-16 05:54:23","","","0","107.77.224.227","429","bmst2"
"2023-12-15","05:28","Clear","CLR","No precipitation","NO","","","","","","0","","","0","","","0","47","2","-0.5","-2.0","-2.0","0.0","0.0","-15.0","W","Strong","S","Eli Hanschka","","","2023-12-15 05:43:53","2023-12-15 05:43:53","","","0","107.77.226.171","427","mxpda"
"2023-12-14","05:47","Clear","CLR","No precipitation","NO","","","Needles, Irregular crystals","nd, ir","1","7","6.0","7.2","","83","8","7","49","","-11.0","-7.0","-5.0","-15.0","-6.0","-15.0","W","Strong","S","Cooper Smith","","","2023-12-14 05:59:29","2023-12-14 05:59:29","","","0","174.242.67.241","425","m5lib"
"2023-12-03","05:35","Obscured","X","No precipitation","NO","","","","","","0","","","0.0","","","0","38","2","0.0","0.0","0.0","-2.0","1.5","-2.0","","Calm","C","Eli Hanschka","","","2023-12-03 05:50:31","2023-12-03 05:50:31","","","0","107.77.226.168","406","987qf"
"2023-12-11","05:35","Clear","CLR","No precipitation","NO","","","Needles, Stellars and dendrites, Irregular crystals","nd, sd, ir","1","5","7.5","5.0","","150","15","6","42","","-10.0","-4.0","-2.0","-11.0","-1.0","-11.0","N","Strong","S","Cooper Smith","","","2023-12-12 05:56:46","2023-12-12 05:56:46","","","0","174.242.71.58","422","isdh7"
"2023-12-11","05:35","Overcast","OVC","Mixed rain and snow","RS","Very light snowfall, Very light rain","S-1, RV","Irregular crystals","ir","1","1","3.0","1.0","43.2","","33","","37","13","0.0","0.0","0.0","0.0","8.0","0.0","NE","Calm","C","Cooper Smith","","","2023-12-11 06:02:54","2023-12-11 06:02:54","","","0","174.242.71.53","419","5c6su"
"2023-12-10","05:35","Broken","BKN","No precipitation","NO","","","","","N/O","0","0.0","0.0","0","","","","52","5","-1.0","0.0","0.0","6.0","8.0","1.0","S","Extreme","E","Cooper Smith","","","2023-12-10 05:42:58","2023-12-10 05:42:58","","","0","174.242.70.191","416","md24h"
"2023-12-09","05:35","Overcast","OVC","No precipitation","NO","","","","","N/O","0","","","0","","","0","57","3","0.0","-4.0","-5.0","1.0","1.0","-9.0","S","Moderate","M","Cooper Smith","","","2023-12-09 05:50:32","2023-12-09 05:50:32","","","0","174.242.66.238","414","pzduj"
"2023-12-08","05:30","Broken","BKN","No precipitation","NO","","","","","N/O","0","","","","","","0","60","1","-8.0","-8.0","-6.0","-10.0","-8.0","-17.0","N","Strong","S","Cooper Smith","","","2023-12-08 05:53:39","2023-12-08 05:53:39","","","0","174.242.65.6","412","xkanv"
"2023-12-07","05:35","Clear","CLR","No precipitation","NO","","","","","","0","","","0","","","0","61","3","-15.0","-13.0","-8.0","-17.0","-10.0","-18.0","","Calm","C","Eli Hanschka","","","2023-12-07 06:11:13","2023-12-07 06:11:13","","","0","107.77.224.56","410","o866z"
"2023-12-06","05:20","Scattered","SCT","No precipitation","NO","","","","","","T","","","","","","T","64","4","-10.0","-8.0","-6.0","-13.5","-7.0","-14.0","","Calm","C","Eli Hanschka","","","2023-12-06 05:34:23","2023-12-06 05:34:23","","","0","107.77.224.232","409","daaa8"
"2023-12-05","05:45","Broken","BKN","No precipitation","NO","","","","","","10","12.0","9.7","","","12","33","68","","-6.5","-5.0","-4.0","-8.5","-3.0","-8.5","NW","Light","L","Eli Hanschka","Can’t enter density p value for some reason. Density p = 1.24","","2023-12-05 05:56:34","2023-12-05 05:56:34","","","0","107.77.224.198","408","9rkn4"
"2023-12-04","05:40","Obscured","X","Snow","SN","Moderate snowfall","S2","Stellars and dendrites","sd","3","29","23.5","29.5","","","8","NC","65","","-3.0","-2.5","-2.0","-5.0","-1.5","-5.0","SW","Light","L","Eli Hanschka","Density p = 0.8","","2023-12-04 06:00:36","2023-12-04 06:00:36","","","0","107.77.226.40","407","23j5c"
"2024-01-02","06:27","Clear","CLR","No precipitation","NO","","","","","","0","","","0","","","0","6","1","-5.0","","","-7.5","-5.5","-15.0","NW","Light","L","Eli Hanschka","","","2024-01-02 06:41:34","2024-01-02 06:41:34","","","0","107.77.225.113","453","3xwfm"
"2024-01-11","05:47","Overcast","OVC","No precipitation","NO","","","","","","4","7.0","4.0","","57","6","62","65","","-6.0","-5.0","-3.0","-2.5","2.0","-2.5","W","Extreme","E","Cooper Smith","There was a 2 cm knife hard rain crust under the 4 cm of snow on the HN24 board.","","2024-01-11 05:55:40","2024-01-11 05:55:40","","","0","174.242.74.117","476","8n748"
"2024-01-10","05:32","Overcast","OVC","Snow","SN","Heavy snowfall","S5","Irregular crystals","ir","1","56","51.0","30.0","","170","17","","65","","-1.0","-3.0","-4.0","2.0","0.0","-2.0","SE","Strong","S","Cooper Smith","","","2024-01-10 05:47:30","2024-01-10 05:47:30","","","0","174.242.65.218","474","83wdh"
"2024-01-09","05:36","Clear","CLR","No precipitation","NO","","","","","","2","1.5","1.6","","93","9","2","23","","-10.0","-6.5","","-11.0","-8.5","-13.5","W","Light","L","Cooper Smith","","","2024-01-09 05:47:13","2024-01-09 05:47:13","","","0","174.196.198.118","471","a8npj"
"2024-01-07","05:58","Overcast","OVC","Snow","SN","Very light snowfall","S-1","Irregular crystals","ir","1","12","11.0","12.0","","91","9","19","20","","-11.0","-6.5","","-13.0","-8.5","-13.0","NW","Strong","S","Cooper Smith","","","2024-01-08 05:59:58","2024-01-08 05:59:58","","","0","174.242.73.139","468","yoo2j"
"2024-01-07","05:49","Overcast","OVC","Snow","SN","Moderate snowfall","S2","Colums, Irregular crystals","cl, ir","1","10","6.0","10.0","","60","6","","12","","-8.0","","","-11.0","-9.5","-14.0","SE","Calm","C","Cooper Smith","","","2024-01-07 05:58:29","2024-01-07 05:58:29","","","0","174.196.196.93","465","a6apo"
"2024-01-06","05:52","Clear","CLR","No precipitation","NO","","","","","N/O","0","0.0","0.0","0.0","","","0","7","","-9.0","","","-7.0","-5.0","-16.0","W","Light","L","Cooper Smith","","","2024-01-06 05:56:40","2024-01-06 05:56:40","","","0","174.242.66.164","462","sm1cz"
"2024-01-05","06:01","Clear","CLR","No precipitation","NO","","","Graupel, Irregular crystals","gp, ir","N/O","1","1.0","1.0","","10","100","1","5","","-14.0","","","-13.0","-5.0","-17.5","NW","Strong","S","Cooper Smith","","","2024-01-05 06:12:27","2024-01-05 06:12:27","","","0","174.242.75.3","460","c2yf7"
"2024-01-04","05:49","Overcast","OVC","Snow","SN","Light snowfall","S1","Stellars and dendrites, Irregular crystals","sd, ir","3","T","","","","","","NC","5","1","-4.0","","","-6.5","-5.0","-8.0","W","Light","L","Eli Hanschka","","","2024-01-04 06:01:28","2024-01-04 06:01:28","","","0","107.77.224.26","458","ibxyr"
"2024-01-03","05:50","Broken","BKN","No precipitation","NO","","","","","","0","","","0","","","0","6","0","-5.0","","","-7.5","-1.0","-8.5","W","Light","L","Eli Hanschka","","","2024-01-03 06:01:21","2024-01-03 06:01:21","","","0","107.77.225.113","456","zrhko"
"2023-12-23","05:40","Clear","CLR","No precipitation","NO","","","","","","0","","","","","","","0","","","","","-1.5","1.0","-10.0","W","Calm","C","Cooper Smith","","","2023-12-23 05:56:13","2023-12-23 05:56:13","","","0","174.242.67.70","437","6rr0k"
"2024-01-01","07:27","Broken","BKN","No precipitation","NO","","","","","","0","","","0","","","0","7","1","-10.0","","","-12.5","-7.0","-12.5","","Calm","C","Eli Hanschka","","","2024-01-01 07:36:23","2024-01-01 07:36:23","","","0","107.77.223.203","452","4ja72"
"2023-12-31","05:23","Obscured","X","No precipitation","NO","","","","","","4","4.0","4.2","3.0","","10","8","8","","-6.5","","","-9.0","-1.0","-9.0","","Calm","C","","Density P = 9.5","","2023-12-31 06:00:01","2023-12-31 06:00:01","","","0","107.77.226.99","449","n2nrw"
"2023-12-30","05:41","Overcast","OVC","Snow","SN","Light snowfall","S1","Colums, Stellars and dendrites","cl, sd","2","7","4.5","6.8","","","7","NC","7","","0.0","","","-1.5","3.5","-1.5","","Calm","C","Eli Hanschka","Density p = 0.66","","2023-12-30 06:02:43","2023-12-30 06:02:43","","","0","107.77.225.97","446","v11lb"
"2023-12-29","05:43","Overcast","OVC","Rain","RA","Very light rain","RV","","","","0","","","11.3","","","0","0","","","","","1.5","3.0","1.5","","Calm","C","Eli Hanschka","","","2023-12-29 06:04:58","2023-12-29 06:04:58","","","0","107.77.225.32","444","yvyc0"
"2023-12-28","05:54","Clear, Overcast","CLR, OVC","No precipitation","NO","","","","","","0","","","","","","","0","","","","","2.0","5.5","1.0","E","Calm","C","Cooper Smith","","","2023-12-28 05:55:38","2023-12-28 05:55:38","","","0","174.196.194.21","442","8t88o"
"2023-12-27","05:49","Overcast","OVC","Rain","RA","Light rain","RL","","","","0","","","","","","","0","","","","","5.0","5.7","0.0","W","Strong","S","Cooper Smith","","","2023-12-27 05:51:15","2023-12-27 05:51:15","","","0","174.196.201.234","441","7v4q2"
"2023-12-26","05:42","Broken","BKN","No precipitation","NO","","","","","","0","","","","","","","0","","","","","4.0","5.0","-0.5","W","Moderate","M","Cooper Smith","","","2023-12-26 05:44:17","2023-12-26 05:44:17","","","0","174.242.70.53","440","il6y0"
"2023-12-25","05:46","Overcast","OVC","Mixed rain and snow","RS","Very light snowfall, Very light rain","S-1, RV","","","","0","","","","","","","0","","","","","1.0","2.5","-7.0","W","Strong","S","Cooper Smith","","","2023-12-25 05:50:06","2023-12-25 05:50:06","","","0","174.196.198.235","439","m9h2p"
"2023-12-24","05:45","Clear","CLR","No precipitation","NO","","","","","","","","","","","","","0","","","","","0.0","1.0","-12.5","SW","Calm","C","Cooper Smith","","","2023-12-24 06:01:43","2023-12-24 06:01:43","","","0","174.242.64.217","438","62mvf"
"2024-01-23","05:22","Overcast","OVC","No precipitation","NO","","","","","","0","0.0","0.0","0.0","","","NC","85","5","-7.0","-8.0","-8.0","-8.0","-6.0","-10.5","W","Extreme","E","Cooper Smith","","","2024-01-23 05:31:26","2024-01-23 05:31:26","","","0","174.196.204.186","508","8hveh"
"2024-02-01","05:40","Broken","BKN","No precipitation","NO","","","","","","T","","","","","","T","83","1","-5.5","-6.0","-6.0","-6.0","-6.0","-11.5","","Calm","C","Eli Hanschka","","","2024-02-01 07:17:11","2024-02-01 07:17:11","","","0","107.77.223.10","536","qb8ob"
"2024-01-31","05:20","Broken","BKN","No precipitation","NO","","","","","","0","","","0","","","0","84","1","-11.0","-9.5","-8.0","-11.5","-7.0","-16.5","","Calm","C","Eli Hanschka","","","2024-01-31 05:36:21","2024-01-31 05:36:21","","","0","107.77.224.85","532","o1j61"
"2024-01-30","05:34","Obscured","X","No precipitation","NO","","","","","","T","","","","","","5","85","2","-9.0","-7.0","-5.0","-13.0","-6.5","-14.0","","Calm","C","Eli Hanschka","","","2024-01-30 05:51:32","2024-01-30 05:51:32","","","0","107.77.223.109","529","92y72"
"2024-01-29","05:51","Obscured","X","Snow","SN","Very light snowfall","S-1","Irregular crystals","ir","1","6","4.0","5.9","","","7","NC","87","","-5.5","-5.0","-4.0","-7.5","-1.0","-7.5","","Calm","C","Eli Hanschka","","","2024-01-29 05:58:41","2024-01-29 05:58:41","","","0","107.77.223.172","526","tdgdi"
"2024-01-28","06:22","Broken","BKN","No precipitation","NO","","","","","","1","0.8","1.0","","","8","1","83","0","-3.5","-5.0","-4.0","-6.0","0.0","-8.0","","Calm","C","Eli Hanschka","","","2024-01-28 06:41:00","2024-01-28 06:41:00","","","0","107.77.223.173","523","mn9zr"
"2024-01-27","05:40","Scattered","SCT","No precipitation","NO","","","","","","4","6.0","4.2","","","14","4","83","","-5.0","-4.0","-3.0","-7.0","-2.0","-7.0","","Calm","C","Eli Hanschka","","","2024-01-27 05:54:24","2024-01-27 05:54:24","","","0","107.77.225.231","520","fhvsu"
"2024-01-26","05:40","Overcast","OVC","Snow","SN","Very light snowfall","S-1","Needles","nd","2","0","","","","","","0","79","","-4.0","-3.0","-3.0","-4.5","2.5","-4.5","","Calm","C","Eli Hanschka","","","2024-01-26 05:57:46","2024-01-26 05:57:46","","","0","107.77.225.32","517","v8zt2"
"2024-01-25","05:56","Overcast","OVC","Rain","RA","Very light rain","RV","","","","0","","","9.0","","","","78","7","0.0","-1.0","-2.0","1.0","5.0","-9.0","W","Strong","S","Cooper Smith","","","2024-01-25 06:04:49","2024-01-25 06:04:49","","","0","174.196.200.113","514","ia5cc"
"2024-01-24","05:40","Overcast","OVC","Snow","SN","Light snowfall","S1","Needles, Irregular crystals","nd, ir","1","0","0.0","0.0","0.0","","","NC","85","","-10.0","-8.0","-7.0","-8.5","-6.0","-10.0","SW","Strong","S","Cooper Smith","","","2024-01-24 05:50:22","2024-01-24 05:50:22","","","0","174.196.192.99","511","nqtn7"
"2024-01-12","05:37","Obscured","X","Snow","SN","Very light snowfall","S-1","","","","7","10.0","7.6","","","13","","65","","-8.0","-6.5","-6.0","-8.5","-6.0","-8.5","NW","Strong","S","Eli Hanschka","Density p = 1.32","","2024-01-12 06:01:24","2024-01-12 06:01:24","","","0","107.77.224.35","479","n6xck"
"2024-01-22","05:41","Clear","CLR","No precipitation","NO","","","","","","0","0.0","0.0","0.0","","","NC","89","4","-8.0","-10.0","-10.0","-12.0","-7.5","-21.0","W","Strong","S","Cooper Smith","","","2024-01-22 05:47:22","2024-01-22 05:47:22","","","0","174.196.195.199","505","8j9fj"
"2024-01-21","05:30","Scattered","SCT","No precipitation","NO","","","Irregular crystals","ir","1","3","2.0","2.8","","71","7","3","93","","-15.0","-14.0","-13.0","-19.5","-11.0","-21.0","NW","Moderate","M","Cooper Smith","","","2024-01-21 05:46:15","2024-01-21 05:46:15","","","0","174.196.197.59","503","jyjwg"
"2024-01-19","05:20","Clear","CLR","No precipitation","NO","","","","","N/O","0","0.0","9.0","","","","0","90","","-14.0","-14.0","-12.0","-16.0","-14.0","-18.5","W","Strong","S","Cooper Smith","","","2024-01-19 05:35:49","2024-01-19 05:35:49","","","0","174.196.198.45","499","welmr"
"2024-01-18","05:16","Broken","BKN","No precipitation","NO","","","","","","1","1.5","1.3","","","12","15","93","2","-16.5","-15.0","-12.5","-18.0","-15.5","-18.0","W","Moderate","M","Eli Hanschka","","","2024-01-18 05:38:25","2024-01-18 05:38:25","","","0","107.77.224.227","497","8aav3"
"2024-01-17","05:33","Obscured","X","Snow","SN","Light snowfall","S1","Irregular crystals","ir","2","19","18.5","19.3","","","10","NC","95","","-16.5","-13.0","-10.5","-18.0","-10.0","-18.0","W","Strong","S","Eli Hanschka","","","2024-01-17 05:58:21","2024-01-17 05:58:21","","","0","107.77.225.55","494","keqtf"
"2024-01-16","05:39","Clear","CLR","No precipitation","NO","","","","","","T","","","","","","7","83","2","-12.5","-11.0","-10.0","-15.0","-12.5","-18.0","","Calm","C","Eli Hanschka","","","2024-01-16 05:52:46","2024-01-16 05:52:46","","","0","107.77.223.80","491","cbmvw"
"2024-01-15","05:41","Broken","BKN","Snow","SN","Very light snowfall","S-1","Stellars and dendrites, Irregular crystals","sd, ir","2","14","10.0","14.0","","","7","NC","85","","-13.0","-10.0","-8.5","-15.0","-10.5","-15.0","W","Moderate","M","Eli Hanschka","","","2024-01-15 06:06:04","2024-01-15 06:06:04","","","0","107.77.224.79","488","zpk53"
"2024-01-14","05:35","Overcast","OVC","No precipitation","NO","","","","","","25","","","35.5","","14","23","78","","-9.0","-6.0","-5.0","-10.0","-1.0","-10.0","W","Extreme","E","Eli Hanschka","Snow plot was wind affected.","","2024-01-14 06:59:04","2024-01-14 06:59:04","","","0","107.77.225.79","486","6lj96"
"2024-01-13","05:38","Obscured","X","Snow","SN","Moderate snowfall","S2","Needles, Stellars and dendrites, Graupel, Irregular crystals","nd, sd, gp, ir","3","4","5.0","3.5","","","15","","64","1","-5.5","-6.0","-6.0","-5.5","-5.5","-10.0","SE","Strong","S","Eli Hanschka","","","2024-01-13 05:58:53","2024-01-13 05:58:53","","","0","107.77.226.141","482","s9lr1"
"2024-02-13","05:31","","","","","Light snowfall","S1","Stellars and dendrites, Irregular crystals","sd, ir","3","T","","","T","","","NC","75","0","-6.0","-6.0","-5.0","-8.5","-2.0","-9.0","","Calm","C","Eli Hanschka","","","2024-02-13 05:47:13","2024-02-13 05:47:13","","","0","107.77.226.170","564","dbwc"
"2024-02-22","05:11","Clear","CLR","No precipitation","NO","","","","","","0","","","","","","0","84","1","-5.0","-8.0","-7.0","-4.0","-3.0","-15.0","W","Moderate","M","Cooper Smith","","","2024-02-22 05:18:17","2024-02-22 05:18:17","","","0","174.196.199.55","589","zdmwq"
"2024-02-21","05:22","Clear","CLR","No precipitation","NO","","","","","","0","","","","","","0","85","3","-12.0","-12.0","-10.0","-15.0","-11.0","-16.0","W","Light","L","Cooper Smith","","","2024-02-21 05:26:28","2024-02-21 05:26:28","","","0","174.242.69.139","586","4dz85"
"2024-02-20","05:40","Scattered","SCT","No precipitation","NO","","","","","","0","","","","","","6","88","2","-15.0","-14.0","-11.0","-16.5","-15.0","-19.0","N","Strong","S","Cooper Smith","","","2024-02-20 05:47:11","2024-02-20 05:47:11","","","0","174.242.64.48","584","a0osd"
"2024-02-19","05:48","Overcast","OVC","Snow","SN","Light snowfall","S1","Irregular crystals","ir","1","7","4.5","7.6","","59","6","NC","90","","-13.0","-11.0","-9.0","-16.0","-11.0","-18.5","N","Extreme","E","Cooper Smith","","","2024-02-19 05:55:26","2024-02-19 05:55:26","","","0","174.242.66.155","581","f3tdi"
"2024-02-18","05:31","Clear","CLR","No precipitation","NO","","","","","","4","3.0","4.0","","75","8","5","87","","-18.0","-11.0","-9.0","-18.0","-10.5","-19.0","N","Strong","S","Cooper Smith","","","2024-02-18 05:39:19","2024-02-18 05:39:19","","","0","174.242.72.133","578","lhatw"
"2024-02-17","05:55","Broken","BKN","No precipitation","NO","","","","","","8","7.0","8.0","","87","9","12","85","","-11.0","-10.0","-8.0","-14.0","-11.0","-14.0","W","Light","L","Cooper Smith","","","2024-02-17 06:04:46","2024-02-17 06:04:46","","","0","174.196.197.199","575","vw8p7"
"2024-02-16","05:51","Overcast","OVC","Snow","SN","Moderate snowfall","S2","Needles, Stellars and dendrites, Irregular crystals","nd, sd, ir","2","8","6.0","8.0","","130","13","NC","82","","-9.0","-8.0","-8.0","-10.0","-9.0","-13.0","N","Strong","S","Cooper Smith","","","2024-02-16 05:59:31","2024-02-16 05:59:31","","","0","174.242.71.54","572","g47en"
"2024-02-15","05:35","Clear","CLR","No precipitation","NO","","","","","","T","","","","","","4","78","4","-13.5","-11.5","-10.0","-13.5","-13.5","-18.5","N","Moderate","M","Eli Hanschka","Plot strongly wind affected","","2024-02-15 05:58:42","2024-02-15 05:58:42","","","0","107.77.224.186","569","cd76j"
"2024-02-14","05:34","Obscured","X","Snow","SN","Light snowfall","S1","Irregular crystals","ir","2","7","3.0","6.6","","","5","NC","82","","-14.0","-10.0","-7.0","-16.5","-7.0","-16.5","N","Strong","S","Eli Hanschka","","","2024-02-14 06:05:18","2024-02-14 06:05:18","","","0","107.77.226.37","567","xz68t"
"2024-02-02","05:29","Broken","BKN","No precipitation","NO","","","","","","1","","","","","","1","82","","-4.0","-4.5","-5.5","-4.5","-2.0","-7.0","NW","Calm","C","Cooper Smith","There was not enough snow to get an accurate density measurement but it was light.","","2024-02-02 05:44:45","2024-02-02 05:44:45","","","0","174.196.192.70","537","u7ie2"
"2024-02-12","06:39","Clear","CLR","","","","","","","","0","","","0","","","0","75","0","-5.0","-5.0","-3.0","-9.5","-2.5","-9.5","","Calm","C","Eli Hanschka","","","2024-02-12 07:12:52","2024-02-12 07:12:52","","","0","107.77.226.93","563","mvv56"
"2024-02-11","05:51","Obscured","X","Snow","SN","Very light snowfall","S-1","Graupel, Irregular crystals","gp, ir","1-2","0","","","0","","","0","75","5","-2.5","-1.0","-1.0","-4.5","8.5","-4.5","NW","Strong","S","Eli Hanschka","","","2024-02-11 06:04:42","2024-02-11 06:04:42","","","0","107.77.226.20","558","3nhpj"
"2024-02-09","05:50","Scattered","SCT","No precipitation","NO","","","","","","0","","","","","","NC","80","1","-2.5","-5.0","-6.0","2.0","2.0","-6.5","W","Moderate","M","Cooper Smith","","","2024-02-09 05:56:00","2024-02-09 05:56:00","","","0","174.196.204.173","554","aresc"
"2024-02-08","05:47","Broken","BKN","No precipitation","NO","","","","","","0","","","","","","0","81","","-6.0","-6.0","-5.5","-5.0","-0.5","-11.0","NW","Light","L","Cooper Smith","","","2024-02-08 05:53:25","2024-02-08 05:53:25","","","0","174.196.197.161","552","4g3j9"
"2024-02-07","05:43","Clear","CLR","No precipitation","NO","","","","","","0","","","","","","","80","2","-11.0","-9.0","-8.0","-10.0","-3.5","-10.0","N","Calm","C","Cooper Smith","","","2024-02-07 05:47:44","2024-02-07 05:47:44","","","0","174.242.66.227","550","yxvrc"
"2024-02-06","05:29","Clear","CLR","No precipitation","NO","","","","","","0","","","","","","NC","81","2","-9.0","-10.0","-8.0","-8.5","-5.0","-13.5","NE","Light","L","Cooper Smith","","","2024-02-06 05:36:54","2024-02-06 05:36:54","","","0","174.242.70.248","547","8a81f"
"2024-02-05","05:42","Clear","CLR","No precipitation","NO","","","","","","0","","","","","","0","81","2","-10.5","-9.0","-8.0","-8.5","-2.0","-14.0","N","Strong","S","Cooper Smith","","","2024-02-05 05:50:54","2024-02-05 05:50:54","","","0","174.196.194.247","545","hr1xr"
"2024-02-04","05:29","Clear","CLR","No precipitation","NO","","","","","","0","","","","","","3","83","","-10.0","-9.0","-8.0","-2.5","-2.5","-14.0","N","Strong","S","Cooper Smith","","","2024-02-04 05:38:53","2024-02-04 05:38:53","","","0","174.242.67.230","542","4486g"
"2024-02-03","05:27","Broken","BKN","Snow","SN","Very light snowfall","S-1","Needles, Stellars and dendrites","nd, sd","2","2","3.0","2.4","","125","12","NC","83","","-11.0","-9.0","-6.5","-13.0","-3.0","-13.0","N","Light","L","Cooper Smith","","","2024-02-03 05:41:58","2024-02-03 05:41:58","","","0","174.242.71.106","539","uu2tk"
"2024-03-04","05:26","Clear","CLR","No precipitation","NO","","","","","","0","","","0.0","","","","65","2","-0.5","0.0","-0.5","0.0","5.5","0.0","S","Calm","C","Cooper Smith","","","2024-03-04 05:32:02","2024-03-04 05:32:02","","","0","174.242.66.103","615","j7w8l"
"2024-03-14","06:03","Overcast","OVC","No precipitation","NO","","","","","","T","","","","","","T","89","2","0.0","-1.5","-2.0","0.0","8.0","-4.0","","Calm","C","Eli Hanschka","Trace of graupel on snow boards","","2024-03-14 06:14:56","2024-03-14 06:14:56","","","0","107.77.224.130","643","lmugj"
"2024-03-13","06:06","Clear","CLR","No precipitation","NO","","","","","","0","","","","","","0","91","5","-5.5","-6.0","-5.0","-4.0","-4.0","-12.0","N","Light","L","Eli Hanschka","Snow plot heavily wind affected","","2024-03-13 06:22:10","2024-03-13 06:22:10","","","0","107.77.223.197","641","nc3ne"
"2024-03-11","09:17","Obscured","X","Snow","SN","Light snowfall","S1","Stellars and dendrites, Irregular crystals","sd, ir","2-3","20","31.0","19.5","21.5","","16","35","96","","11.0","7.0","5.0","-12.0","-0.5","-12.0","N","Strong","S","Eli Hanschka","","","2024-03-11 09:37:22","2024-03-11 09:37:22","","","0","107.77.226.124","638","k5hi4"
"2024-03-10","06:00","Obscured","X","","","Moderate snowfall","S2","Graupel, Ice pellets, Irregular crystals","gp, ip, ir","1","27","38.5","27.0","","","14","NC","81","","-4.0","-5.0","-5.0","-3.0","0.0","-6.0","SE","Light","L","Eli Hanschka","","","2024-03-10 06:37:20","2024-03-10 06:37:20","","","0","107.77.223.85","635","lgq14"
"2024-03-09","05:49","Clear","CLR","No precipitation","NO","","","","","","0","","","0","","","0","54","","-5.0","-5.0","-4.0","-7.0","5.5","-7.0","","Calm","C","Eli Hanschka","","","2024-03-09 06:00:36","2024-03-09 06:00:36","","","0","107.77.226.37","631","pxkek"
"2024-03-08","05:40","Clear","CLR","No precipitation","NO","","","","","","0","","","","","","0","50","","-6.0","-3.5","-2.0","-4.0","2.0","-6.0","NE","Light","L","Cooper Smith","Trace of water ice on HN24 and HST","","2024-03-08 05:46:24","2024-03-08 05:46:24","","","0","174.196.192.50","627","c7p8g"
"2024-03-07","05:33","Overcast","OVC","Mixed rain and snow","RS","Light snowfall, Light rain","S1, RL","","","","T","","","1.3","","","","50","5","0.0","-1.0","-1.0","0.0","7.5","0.0","E","Moderate","M","Cooper Smith","","","2024-03-07 05:40:14","2024-03-07 05:40:14","","","0","174.196.195.146","622","5it5m"
"2024-03-06","05:42","Few","FEW","No precipitation","NO","","","","","","0","","","16.0","","","","55","8","-0.5","-1.0","-1.0","3.0","8.0","-1.0","NW","Moderate","M","Cooper Smith","","","2024-03-06 05:50:16","2024-03-06 05:50:16","","","0","174.196.198.220","620","8yjwa"
"2024-03-05","05:44","Overcast","OVC","No precipitation","NO","","","","","","0","","","0.0","","","","63","2","-0.5","-1.0","0.0","3.5","3.5","0.0","S","Strong","S","Cooper Smith","","","2024-03-05 05:51:41","2024-03-05 05:51:41","","","0","174.196.200.2","618","rhex7"
"2024-02-23","05:38","Obscured","X","Snow","SN","Very light snowfall","S-1","Irregular crystals","ir","1.0","T","","","T","","","NC","85","","0.0","-1.5","-2.0","-1.5","4.5","-5.0","","Calm","C","Eli Hanschka","","","2024-02-23 05:55:53","2024-02-23 05:55:53","","","0","107.77.223.31","591","w5x3i"
"2024-03-03","05:51","Overcast","OVC","Rain","RA","Very light rain","RV","","","","0","","","18.4","","","","67","3","0.0","-1.5","-1.0","0.0","1.0","-0.5","E","Light","L","Cooper Smith","","","2024-03-03 05:53:20","2024-03-03 05:53:20","","","0","216.107.219.202","612","wlj1g"
"2024-03-03","05:29","Overcast","OVC","Rain","RA","Very light rain","RV","","","","0","","","18.4","","","","67","3","0.0","-1.0","-1.0","","","","E","Light","L","Cooper Smith","","","2024-03-03 05:49:22","2024-03-03 05:49:22","","","0","174.196.198.111","611","merak"
"2024-03-02","05:22","Clear","CLR","No precipitation","NO","","","","","","0","","","","","","","70","0","-3.0","-6.0","-5.5","0.0","0.0","-21.0","SW","Strong","S","Cooper Smith","","","2024-03-02 05:26:22","2024-03-02 05:26:22","","","0","174.196.197.150","609","u34q6"
"2024-03-01","05:55","Few","FEW","No precipitation","NO","","","","","","0","","","","","","0","70","","-18.0","-14.0","-11.0","-21.0","-16.0","-21.0","NW","Extreme","E","Cooper Smith","","","2024-03-01 06:01:35","2024-03-01 06:01:35","","","0","174.196.201.183","608","hsb0k"
"2024-02-29","05:45","Obscured","X","No precipitation","NO","","","","","","T","","","","","","T","73","7","-16.0","-5.0","-2.5","-19.5","5.0","-19.5","W","Extreme","E","Eli Hanschka","Snowplot heavily wind affected. Active blowing snow.","","2024-02-29 06:06:34","2024-02-29 06:06:34","","","0","216.107.219.202","605","ps7b9"
"2024-02-28","06:02","Overcast","OVC","Rain","RA","Very light rain","RV","","","","0","","","2.6","","","0","80","5","","","","3.5","5.0","1.0","S","Moderate","M","Eli Hanschka","","","2024-02-28 06:22:14","2024-02-28 06:22:14","","","0","107.77.223.233","604","eovm1"
"2024-02-27","05:45","Clear","CLR","No precipitation","NO","","","","","","0","","","0","","","0","85","0","-1.5","-4.0","-3.5","2.0","2.0","-5.0","W","Strong","S","Eli Hanschka","","","2024-02-27 06:01:21","2024-02-27 06:01:21","","","0","107.77.225.109","601","6rkxd"
"2024-02-25","06:00","Broken","BKN","No precipitation","NO","","","","","","2","2.0","2.0","","","10","","85","","-4.0","-6.0","-6.0","-4.5","-4.0","-15.0","NW","Strong","S","Eli Hanschka","","","2024-02-26 06:12:15","2024-02-26 06:12:15","","","0","107.77.225.109","599","odhfn"
"2024-02-25","05:47","Clear","CLR","No precipitation","NO","","","","","","0","","","0","","","0","84","","-15.0","-12.0","-10.0","-15.5","0.5","-21.0","N","Calm","C","Eli Hanschka","Max and min temps are over the past 48 hours","","2024-02-25 06:03:14","2024-02-25 06:03:14","","","0","107.77.226.36","595","6i40l"
"2024-03-15","05:43","Overcast","OVC","Snow","SN","Moderate snowfall","S2","Plates, Graupel, Irregular crystals","pl, gp, ir","2","9","10.0","9.2","","108","10","","93","","-3.0","-1.0","-1.0","-1.0","11.0","-1.0","S","Light","L","Cooper Smith","","","2024-03-15 05:49:29","2024-03-15 05:49:29","","","0","174.196.202.116","646","z3ad8"
"2024-03-16","05:54","Clear","CLR","No precipitation","NO","","","","","","5","5.4","9.0","","166","16","13","95","","-6.0","-3.0","-2.0","-6.0","2.0","-6.0","W","Light","L","Cooper Smith","","","2024-03-16 06:03:34","2024-03-16 06:03:34","","","0","174.196.196.255","649","rsz5l"
"2024-03-17","05:36","Overcast","OVC","Snow","SN","Moderate snowfall","S2","Irregular crystals","ir","1","2","3.0","2.0","","150","15","NC","97","","-2.0","-1.0","","-1.0","2.0","-6.0","S","Strong","S","Cooper Smith","","","2024-03-17 12:41:00","2024-03-17 12:41:00","","","0","174.196.200.190","652","2e5eu"
"2024-03-17","05:36","Overcast","OVC","No precipitation","NO","","","","","","13","20.0","13.4","","67","7","16","110","","-5.0","-3.5","-3.5","-7.0","0.0","-7.0","NE","Strong","S","Cooper Smith","","","2024-03-18 05:53:46","2024-03-18 05:53:46","","","0","174.242.72.65","654","ui2o2"
"2024-03-19","05:39","Overcast","OVC","Snow","SN","Light snowfall","S1","Irregular crystals","ir","1","16","15.0","16.0","","93","9","NC","119","","-8.0","-6.0","-5.0","-8.0","-1.0","-8.0","N","Strong","S","Cooper Smith","","","2024-03-19 05:48:33","2024-03-19 05:48:33","","","0","174.196.193.40","655","rxjx6"
"2024-03-20","05:39","Overcast","OVC","Snow","SN","Light snowfall","S1","Irregular crystals","ir","1","1","","","","","","14","115","4","-8.0","-6.0","-5.0","-8.0","-6.0","-10.0","W","Strong","S","Cooper Smith","","","2024-03-20 05:45:23","2024-03-20 05:45:23","","","0","174.242.65.174","657","kgdni"
"2024-03-20","05:39","Obscured","X","Snow","SN","Light snowfall","S1","Irregular crystals","ir","1","20","16.5","20.0","","82","8","NC","129","","-15.0","-11.0","-8.0","-15.0","-4.0","-15.0","NE","Extreme","E","Cooper Smith","","","2024-03-21 05:53:06","2024-03-21 05:53:06","","","0","174.196.199.180","658","4ipr3"
"2024-03-22","05:53","Clear","CLR","No precipitation","NO","","","","","","10","20.0","10.0","","","20","19","125","","-18.0","-12.5","-9.0","-19.5","-13.0","-19.5","W","Strong","S","Eli Hanschka","Plot heavily wind affected","","2024-03-22 06:12:57","2024-03-22 06:12:57","","","0","107.77.225.135","661","cf1db"
"2024-03-23","05:50","Overcast","OVC","Snow","SN","Light snowfall","S1","Needles, Irregular crystals","nd, ir","1","7","6.5","7.2","","","9","NC","129","","-8.0","-9.0","-8.0","-10.5","-5.5","-19.5","SW","Light","L","Eli Hanschka","","","2024-03-23 06:08:47","2024-03-23 06:08:47","","","0","107.77.223.215","662","xlb2"
"2024-03-24","05:30","Clear","CLR","No precipitation","NO","","","","","","55","","","50.5","","9","52","172","","-13.0","-11.0","-8.5","-12.0","-6.0","-12.0","NW","Strong","S","Eli Hanschka","Snow plot wind affected. HN24 too deep to use SWE tube so density was calculated by using H24W Can and HN24","","2024-03-24 05:58:31","2024-03-24 05:58:31","","","0","107.77.225.92","665","nxg24"
"2024-03-25","08:51","Clear","CLR","No precipitation","NO","","","","","","0","","","0","","","0","165","7","","","","-7.0","-1.0","-14.0","","Calm","C","Eli Hanschka","","","2024-03-25 08:53:50","2024-03-25 08:53:50","","","0","107.77.224.225","668","h7t88"
"2024-03-26","05:46","Overcast","OVC","No precipitation","NO","","","","","","0","","","0","","","0","162","3","-2.5","-6.0","-7.0","-3.0","5.0","-8.0","","Calm","C","Eli Hanschka","Max temp likely skewed upward by sun action - outdoor cabin temp never got above freezing yesterday.","","2024-03-26 06:01:15","2024-03-26 06:01:15","","","0","107.77.224.225","670","zjhlv"
"2024-03-27","06:46","Overcast","OVC","No precipitation","NO","","","","","","0","","","2.7","","","0","144","18","0.0","0.0","0.0","7.5","9.0","-3.0","S","Strong","S","Eli Hanschka","","","2024-03-27 07:08:19","2024-03-27 07:08:19","","","0","107.77.224.225","672","hvj6y"
"2024-03-28","05:44","Overcast","OVC","Rain","RA","Light rain","RL","","","","0","","","7.0","","","0","118","26","0.0","0.0","0.0","1.5","10.5","1.5","","Calm","C","Eli Hanschka","","","2024-03-28 06:05:39","2024-03-28 06:05:39","","","0","107.77.225.153","674","kg2dv"
"2024-03-29","05:41","Obscured","X","Snow","SN","Light snowfall","S1","Irregular crystals","ir","2","1","1.0","1.0","","100","10","NC","113","","-1.0","-1.0","-1.0","-3.0","-1.0","-3.0","N","Light","L","Cooper Smith","","","2024-03-29 05:51:36","2024-03-29 05:51:36","","","0","174.196.200.200","675","bz6ng"
"2024-03-30","05:35","Overcast","OVC","No precipitation","NO","","","","","","0","","","","","","0","110","3","-7.0","-3.0","-1.0","-8.0","-2.0","-8.0","NE","Extreme","E","Cooper Smith","","","2024-03-30 05:40:23","2024-03-30 05:40:23","","","0","174.196.197.111","679","bltjp"
